time_s,pv_c,valve_pct
0,20.0,0
1,20.0,0
2,20.0,0
3,20.0,0
4,20.0,0
5,20.0,0
6,20.0,0
7,20.0,0
8,20.0,0
9,20.0,0
10,20.0,0
11,20.0,0
12,20.0,0
13,20.0,0
14,20.0,0
15,20.0,0
16,20.0,0
17,20.0,0
18,20.0,0
19,20.0,0
20,20.0,0
21,20.0,0
22,20.0,0
23,20.0,0
24,20.0,0
25,20.0,0
26,20.0,0
27,20.0,0
28,20.0,0
29,20.0,0
30,20.0,20
31,20.0,20
32,20.0,20
33,20.0,20
34,20.0,20
35,20.0,20
36,20.0,20
37,20.0,20
38,20.0,20
39,20.0,20
40,20.0,20
41,20.0,20
42,20.0,20
43,20.0,20
44,20.0,20
45,20.0,20
46,20.0,20
47,20.0,20
48,20.0,20
49,20.0,20
50,20.0,20
51,20.0,20
52,20.0,20
53,20.0,20
54,20.0,20
55,20.0,20
56,20.0,20
57,20.0,20
58,20.0,20
59,20.0,20
60,20.0,20
61,20.0,20
62,20.0,20
63,20.0,20
64,20.0,20
65,20.0,20
66,20.110803039902066,20
67,20.220992214121555,20
68,20.33057092356765,20
69,20.43954255030799,20
70,20.547910457673034,20
71,20.655677990359884,20
72,20.76284847453551,20
73,20.869425217939416,20
74,20.97541150998572,20
75,21.080810621864693,20
76,21.185625806643703,20
77,21.289860299367646,20
78,21.393517317158764,20
79,21.49660005931596,20
80,21.599111707413535,20
81,21.70105542539938,20
82,21.802434359692636,20
83,21.90325163928081,20
84,22.00351037581633,20
85,22.103213663712605,20
86,22.202364580239525,20
87,22.300966185618428,20
88,22.399021523116577,20
89,22.49653361914105,20
90,22.59350548333219,20
91,22.689940108656458,20
92,22.785840471498844,20
93,22.881209531754696,20
94,22.9760502329211,20
95,23.070365502187716,20
96,23.164158250527144,20
97,23.257431372784726,20
98,23.350187747767947,20
99,23.442430238335245,20
100,23.534161691484393,20
101,23.625384938440362,20
102,23.71610279474271,20
103,23.806318060332472,20
104,23.89603351963859,20
105,23.98525194166384,20
106,24.073976080070306,20
107,24.162208673264367,20
108,24.24995244448121,20
109,24.33721010186889,20
110,24.423984338571902,20
111,24.510277832814324,20
112,24.596093247982452,20
113,24.681433232707025,20
114,24.766300420944965,20
115,24.85069743206067,20
116,24.934626870906865,20
117,25.018091327904983,20
118,25.101093379125146,20
119,25.183635586365643,20
120,25.265720497232017,20
121,25.347350645215684,20
122,25.42852854977214,20
123,25.50925671639871,20
124,25.58953763671188,20
125,25.669373788524215,20
126,25.7487676359208,20
127,25.827721629335336,20
128,25.906238205625733,20
129,25.984319788149342,20
130,26.061968786837756,20
131,26.13918759827117,20
132,26.21597860575236,20
133,26.292344179380247,20
134,26.36828667612304,20
135,26.443808439890994,20
136,26.518911801608734,20
137,26.593599079287213,20
138,26.667872578095256,20
139,26.74173459043069,20
140,26.815187395991124,20
141,26.888233261844288,20
142,26.96087444249801,20
143,27.033113179969806,20
144,27.104951703856074,20
145,27.176392231400907,20
146,27.247436967564532,20
147,27.318088105091363,20
148,27.388347824577664,20
149,27.45821829453888,20
150,27.527701671476535,20
151,27.59680009994483,20
152,27.665515712616784,20
153,27.7338506303501,20
154,27.801806962252602,20
155,27.869386805747332,20
156,27.936592246637296,20
157,28.00342535916983,20
158,28.069888206100632,20
159,28.13598283875741,20
160,28.20171129710321,20
161,28.267075609799363,20
162,28.33207779426813,20
163,28.396719856754924,20
164,28.461003792390265,20
165,28.524931585251345,20
166,28.58850520842326,20
167,28.651726624059926,20
168,28.714597783444617,20
169,28.77712062705021,20
170,28.83929708459906,20
171,28.901129075122572,20
172,28.962618507020427,20
173,29.02376727811947,20
174,29.084577275732315,20
175,29.145050376715563,20
176,29.205188447527746,20
177,29.264993344286943,20
178,29.324466912828036,20
179,29.38361098875972,20
180,29.442427397521136,20
181,29.500917954438208,20
182,29.55908446477968,20
183,29.616928723812833,20
184,29.674452516858903,20
185,29.73165761934816,20
186,29.788545796874732,20
187,29.845118805251083,20
188,29.901378390562208,20
189,29.957326289219527,20
190,30.012964228014475,20
191,30.06829392417181,20
192,30.12331708540259,20
193,30.178035409956898,20
194,30.232450586676258,20
195,30.286564295045753,20
196,30.340378205245862,20
197,30.393893978204012,20
198,30.44711326564584,20
199,30.500037710146167,20
200,30.552668945179704,20
201,30.60500859517147,20
202,30.65705827554691,20
203,30.708819592781772,20
204,30.760294144451684,20
205,30.811483519281467,20
206,30.86238929719416,20
207,30.913013049359783,20
208,30.96335633824385,20
209,31.01342071765557,20
210,31.063207732795803,20
211,31.11271892030478,20
212,31.161955808309493,20
213,31.2109199164709,20
214,31.259612756030783,20
215,31.308035829858436,20
216,31.35619063249701,20
217,31.404078650209676,20
218,31.451701361025464,20
219,31.49906023478492,20
220,31.546156733185427,20
221,31.592992309826364,20
222,31.639568410253926,20
223,31.685886472005784,20
224,31.73194792465541,20
225,31.777754189856253,20
226,31.82330668138555,20
227,31.868606805188016,20
228,31.913655959419224,20
229,31.95845553448874,20
230,32.00300691310305,20
231,32.04731147030825,20
232,32.09137057353246,20
233,32.13518558262804,20
234,32.17875784991355,20
235,32.22208872021554,20
236,32.265179530909975,20
237,32.30803161196357,20
238,32.35064628597482,20
239,32.39302486821483,20
240,32.43516866666789,20
241,32.47707898207187,20
242,32.51875710795835,20
243,32.56020433069254,20
244,32.601421929513016,20
245,32.64241117657115,20
246,32.68317333697042,20
247,32.72370966880543,20
248,32.764021423200745,20
249,32.804109844349526,20
250,32.843976169551894,20
251,32.88362162925316,20
252,32.923047447081764,20
253,32.962254839887066,20
254,33.001245017776895,20
255,33.04001918415489,20
256,33.078578535757686,20
257,33.116924262691754,20
258,33.155057548470246,20
259,33.19297957004946,20
260,33.23069149786515,20
261,33.26819449586873,20
262,33.30548972156309,20
263,33.34257832603841,20
264,33.379461454007654,20
265,33.41614024384189,20
266,33.45261582760545,20
267,33.488889331090846,20
268,33.52496187385354,20
269,33.56083456924648,20
270,33.59650852445447,20
271,33.63198484052834,20
272,33.66726461241893,20
273,33.7023489290109,20
274,33.73723887315631,20
275,33.771935521708045,20
276,33.80643994555309,20
277,33.84075320964553,20
278,33.87487637303944,20
279,33.9088104889216,20
280,33.942556604643954,20
281,33.976115761755956,20
282,34.00948899603674,20
283,34.04267733752703,20
284,34.07568181056101,20
285,34.10850343379785,20
286,34.14114322025324,20
287,34.17360217733058,20
288,34.205881306852106,20
289,34.237981605089814,20
290,34.2699040627962,20
291,34.301649665234834,20
292,34.33321939221078,20
293,34.36461421810083,20
294,34.3958351118836,20
295,34.42688303716938,20
296,34.45775895222995,20
297,34.4884638100281,20
298,34.51899855824706,20
299,34.54936413931975,20
300,34.57956149045788,20
301,34.60959154368085,20
302,34.63945522584455,20
303,34.669153458669925,20
304,34.69868715877146,20
305,34.72805723768546,20
306,34.75726460189817,20
307,34.78631015287377,20
308,34.81519478708217,20
309,34.843919396026735,20
310,34.872484866271755,20
311,34.9008920794698,20
312,34.92914191238897,20
313,34.95723523693994,20
314,34.98517292020284,20
315,35.012955824454075,20
316,35.04058480719289,20
317,35.06806072116787,20
318,35.09538441440322,20
319,35.12255673022498,20
320,35.149578507287025,20
321,35.176450579596974,20
322,35.203173776541895,20
323,35.22974892291395,20
324,35.256176838935815,20
325,35.282458340286,20
326,35.308594238124044,20
327,35.33458533911554,20
328,35.36043244545702,20
329,35.38613635490074,20
330,35.41169786077927,20
331,35.43711775203001,20
332,35.46239681321953,20
333,35.48753582456776,20
334,35.51253556197211,20
335,35.537396797031406,20
336,35.56212029706968,20
337,35.5867068251599,20
338,35.61115714014747,20
339,35.63547199667367,20
340,35.65965214519899,20
341,35.683698332026204,20
342,35.7076112993235,20
343,35.73139178514731,20
344,35.75504052346514,20
345,35.7785582441782,20
346,35.801945673143926,20
347,35.82520353219841,20
348,35.84833253917865,20
349,35.871333407944725,20
350,35.894206848401815,20
351,35.916953566522125,20
352,35.939574264366655,20
353,35.96206964010689,20
354,35.98444038804634,20
355,36.00668719864196,20
356,36.02881075852548,20
357,36.050811750524566,20
358,36.07269085368394,20
359,36.094448743286286,20
360,36.11608609087315,20
361,36.1376035642656,20
362,36.159001827584916,20
363,36.18028154127301,20
364,36.20144336211286,20
365,36.222487943248765,20
366,36.243415934206496,20
367,36.264227980913375,20
368,36.28492472571817,20
369,36.30550680741094,20
370,36.325974861242756,20
371,36.34632951894531,20
372,36.366571408750374,20
373,36.38670115540925,20
374,36.40671938021201,20
375,36.4266267010067,20
376,36.44642373221836,20
377,36.46611108486806,20
378,36.48568936659171,20
379,36.5051591816588,20
380,36.5245211309911,20
381,36.54377581218118,20
382,36.56292381951084,20
383,36.581965743969505,20
384,36.60090217327238,20
385,36.61973369187868,20
386,36.6384608810096,20
387,36.65708431866629,20
388,36.67560457964769,20
389,36.69402223556827,20
390,36.712337854875656,20
391,36.73055200286819,20
392,36.74866524171239,20
393,36.766678130460264,20
394,36.7845912250666,20
395,36.802405078406125,20
396,36.82012024029052,20
397,36.837737257485465,20
398,36.855256673727446,20
399,36.87267902974058,20
400,36.890004863253296,20
401,36.9072347090149,20
402,36.92436909881214,20
403,36.94140856148556,20
404,36.95835362294585,20
405,36.975204806190085,20
406,36.99196263131785,20
407,37.0086276155473,20
408,37.02520027323112,20
409,37.041681115872414,20
410,37.058070652140465,20
411,37.07436938788646,20
412,37.0905778261591,20
413,37.106696467220104,20
414,37.122725808559665,20
415,37.13866634491183,20
416,37.15451856826973,20
417,37.17028296790076,20
418,37.18596003036172,20
419,37.20155023951381,20
420,37.217054076537565,20
421,37.2324720199477,20
422,37.24780454560789,20
423,37.26305212674546,20
424,37.278215233965966,20
425,37.293294335267746,20
426,37.308289896056365,20
427,37.32320237915897,20
428,37.338032244838566,20
429,37.35277995080822,20
430,37.36744595224523,20
431,37.382030701805114,20
432,37.396534649635626,20
433,37.41095824339063,20
434,37.42530192824391,20
435,37.43956614690295,20
436,37.45375133962251,20
437,37.46785794421832,20
438,37.481886396080554,20
439,37.495837128187205,20
440,37.50971057111754,20
441,37.523507153065346,20
442,37.53722729985215,20
443,37.55087143494036,20
444,37.56443997944634,20
445,37.57793335215341,20
446,37.59135196952475,20
447,37.60469624571628,20
448,37.617966592589454,20
449,37.631163419723926,20
450,37.644287134430215,20
451,37.657338141762295,20
452,37.67031684453006,20
453,37.68322364331179,20
454,37.696058936466514,20
455,37.70882312014625,20
456,37.721516588308305,20
457,37.73413973272739,20
458,37.74669294300775,20
459,37.759176606595126,20
460,37.77159110878877,20
461,37.78393683275333,20
462,37.79621415953062,20
463,37.80842346805147,20
464,37.820565135147376,20
465,37.83263953556208,20
466,37.84464704196324,20
467,37.856588024953865,20
468,37.86846285308374,20
469,37.880271892860875,20
470,37.89201550876271,20
471,37.903694063247485,20
472,37.915307916765336,20
473,37.92685742776944,20
474,37.93834295272712,20
475,37.94976484613079,20
476,37.96112346050893,20
477,37.97241914643696,20
478,37.983652252548055,20
479,37.994823125543924,20
480,38.00593211020548,20
481,38.016979549403494,20
482,38.0279657841092,20
483,38.038891153404776,20
484,38.04975599449386,20
485,38.0605606427119,20
486,38.07130543153656,20
487,38.08199069259798,20
488,38.09261675568901,20
489,38.1031839487754,20
490,38.11369259800594,20
491,38.124143027722475,20
492,38.13453556046997,20
493,38.144870517006424,20
494,38.1551482163128,20
495,38.165368975602874,20
496,38.175533110332964,20
497,38.18564093421175,20
498,38.195692759209905,20
499,38.20568889556975,20
500,38.215629651814794,20
501,38.2255153347593,20
502,38.23534624951771,20
503,38.24512269951411,20
504,38.25484498649156,20
505,38.26451341052142,20
506,38.27412827001259,20
507,38.283689861720774,20
508,38.293198480757574,20
509,38.30265442059965,20
510,38.31205797309775,20
511,38.32140942848571,20
512,38.33070907538944,20
513,38.33995720083583,20
514,38.34915409026158,20
515,38.35830002752202,20
516,38.36739529489991,20
517,38.376440173114084,20
518,38.38543494132817,20
519,38.394379877159196,20
520,38.40327525668613,20
521,38.412121354458435,20
522,38.42091844350452,20
523,38.42966679534016,20
524,38.43836667997694,20
525,38.44701836593048,20
526,38.45562212022883,20
527,38.464178208420634,20
528,38.47268689458338,20
529,38.4811484413315,20
530,38.48956310982452,20
531,38.497931159775106,20
532,38.50625284945706,20
533,38.51452843571332,20
534,38.52275817396387,20
535,38.53094231821364,20
536,38.539081121060306,20
537,38.54717483370215,20
538,38.55522370594575,20
539,38.56322798621373,20
540,38.57118792155242,20
541,38.57910375763946,20
542,38.58697573879141,20
543,38.59480410797127,20
544,38.602589106796,20
545,38.610330975543974,20
546,38.61802995316234,20
547,38.625686277274504,20
548,38.63330018418736,20
549,38.64087190889864,20
550,38.64840168510416,20
551,38.655889745205,20
552,38.66333632031475,20
553,38.67074164026654,20
554,38.67810593362022,20
555,38.68542942766939,20
556,38.692712348448396,20
557,38.69995492073931,20
558,38.707157368078896,20
559,38.71431991276549,20
560,38.72144277586585,20
561,38.728526177221994,20
562,38.73557033545798,20
563,38.742575467986654,20
564,38.749541791016384,20
565,38.75646951955767,20
566,38.763358867429865,20
567,38.7702100472677,20
568,38.77702327052789,20
569,38.78379874749564,20
570,38.79053668729115,20
571,38.79723729787606,20
572,38.80390078605987,20
573,38.81052735750632,20
574,38.817117216739746,20
575,38.8236705671514,20
576,38.8301876110057,20
577,38.83666854944648,20
578,38.84311358250323,20
579,38.84952290909723,20
580,38.85589672704772,20
581,38.86223523307797,20
582,38.86853862282139,20
583,38.874807090827545,20
584,38.881040830568175,20
585,38.887240034443145,20
586,38.893404893786396,20
587,38.89953559887185,20
588,38.905632338919304,20
589,38.91169530210021,20
590,38.91772467554357,20
591,38.923720645341604,20
592,38.9296833965556,20
593,38.93561311322157,20
594,38.94150997835592,20
595,38.94737417396112,20
596,38.95320588103135,20
597,38.95900527955802,20
598,38.964772548535365,20
599,38.970507865965985,20
600,38.9762114088663,20
601,38.981883353272025,20
602,38.98752387424365,20
603,38.99313314587175,20
604,38.99871134128245,20
605,39.00425863264272,20
606,39.00977519116569,20
607,39.015261187115954,20
608,39.02071678981481,20
609,39.02614216764549,20
610,39.031537488058355,20
611,39.03690291757607,20
612,39.042238621798745,20
613,39.047544765409015,20
614,39.05282151217718,20
615,39.058069024966215,20
616,39.06328746573679,20
617,39.06847699555233,20
618,39.07363777458391,20
619,39.07876996211523,20
620,39.08387371654757,20
621,39.08894919540461,20
622,39.09399655533733,20
623,39.099015952128845,20
624,39.104007540699214,20
625,39.10897147511021,20
626,39.11390790857007,20
627,39.118816993438244,20
628,39.1236988812301,20
629,39.12855372262157,20
630,39.13338166745381,20
631,39.13818286473786,20
632,39.1429574626592,20
633,39.14770560858233,20
634,39.15242744905536,20
635,39.15712312981447,20
636,39.16179279578846,20
637,39.16643659110318,20
638,39.171054659086025,20
639,39.17564714227032,20
640,39.18021418239974,20
641,39.18475592043268,20
642,39.189272496546586,20
643,39.193764050142335,20
644,39.19823071984845,20
645,39.2026726435255,20
646,39.207089958270224,20
647,39.21148280041985,20
648,39.21585130555628,20
649,39.22019560851026,20
650,39.22451584336556,20
651,39.22881214346311,20
652,39.2330846414051,20
653,39.237333469059095,20
654,39.24155875756209,20
655,39.24576063732455,20
656,39.24993923803446,20
657,39.25409468866131,20
658,39.25822711746008,20
659,39.262336651975204,20
660,39.26642341904447,20
661,39.27048754480302,20
662,39.27452915468713,20
663,39.27854837343818,20
664,39.28254532510644,20
665,39.28652013305495,20
666,39.29047291996327,20
667,39.294403807831316,20
668,39.2983129179831,20
669,39.30220037107048,20
670,39.306066287076874,20
671,39.309910785320994,20
672,39.31373398446049,20
673,39.31753600249566,20
674,39.32131695677302,20
675,39.32507696398899,20
676,39.32881614019349,20
677,39.33253460079348,20
678,39.33623246055656,20
679,39.339909833614485,20
680,39.34356683346674,20
681,39.34720357298396,20
682,39.35082016441149,20
683,39.35441671937281,20
684,39.357993348872974,20
685,39.361550163302084,20
686,39.36508727243864,20
687,39.36860478545296,20
688,39.372102810910526,20
689,39.37558145677538,20
690,39.37904083041341,20
691,39.38248103859567,20
692,39.38590218750171,20
693,39.38930438272281,20
694,39.39268772926527,20
695,39.39605233155363,20
696,39.39939829343391,20
697,39.402725718176804,20
698,39.406034708480874,20
699,39.409325366475706,20
700,39.412597793725084,20
701,39.41585209123011,20
702,39.41908835943231,20
703,39.42230669821678,20
704,39.42550720691521,20
705,39.42868998430899,20
706,39.43185512863224,20
707,39.43500273757486,20
708,39.43813290828551,20
709,39.44124573737466,20
710,39.444341320917516,20
711,39.44741975445703,20
712,39.45048113300683,20
713,39.45352555105415,20
714,39.45655310256275,20
715,39.45956388097582,20
716,39.46255797921886,20
717,39.46553548970254,20
718,39.46849650432557,20
719,39.47144111447754,20
720,39.47436941104169,20
721,39.4772814843978,20
722,39.480177424424895,20
723,39.48305732050407,20
724,39.48592126152123,20
725,39.48876933586985,20
726,39.49160163145369,20
727,39.494418235689494,20
728,39.49721923550973,20
729,39.50000471736522,20
730,39.502774767227855,20
731,39.50552947059322,20
732,39.508268912483224,20
733,39.51099317744878,20
734,39.51370234957236,20
735,39.51639651247059,20
736,39.51907574929687,20
737,39.521740142743894,20
738,39.524389775046245,20
739,39.52702472798292,20
740,39.52964508287982,20
741,39.53225092061231,20
742,39.534842321607684,20
743,39.53741936584767,20
744,39.53998213287086,20
745,39.54253070177522,20
746,39.545065151220484,20
747,39.54758555943059,20
748,39.550092004196124,20
749,39.55258456287669,20
750,39.555063312403306,20
751,39.55752832928079,20
752,39.5599796895901,20
753,39.5624174689907,20
754,39.5648417427229,20
755,39.567252585610134,20
756,39.56965007206135,20
757,39.57203427607321,20
758,39.57440527123246,20
759,39.57676313071815,20
760,39.579107927303895,20
761,39.58143973336017,20
762,39.58375862085646,20
763,39.586064661363565,20
764,39.588357926055764,20
765,39.59063848571299,20
766,39.59290641072309,20
767,39.59516177108391,20
768,39.597404636405535,20
769,39.599635075912374,20
770,39.60185315844532,20
771,39.60405895246391,20
772,39.60625252604836,20
773,39.60843394690174,20
774,39.61060328235203,20
775,39.61276059935419,20
776,39.614905964492266,20
777,39.61703944398138,20
778,39.61916110366985,20
779,39.621271009041166,20
780,39.62336922521604,20
781,39.62545581695437,20
782,39.62753084865733,20
783,39.629594384369256,20
784,39.63164648777969,20
785,39.63368722222532,20
786,39.63571665069193,20
787,39.63773483581639,20
788,39.6397418398885,20
789,39.64173772485299,20
790,39.64372255231142,20
791,39.64569638352404,20
792,39.64765927941173,20
793,39.64961130055785,20
794,39.65155250721013,20
795,39.6534829592825,20
796,39.65540271635697,20
797,39.65731183768545,20
798,39.659210382191596,20
799,39.661098408472604,20
800,39.66297597480105,20
801,39.66484313912665,20
802,39.666699959078095,20
803,39.668546491964776,20
804,39.670382794778604,20
805,39.67220892419573,20
806,39.67402493657832,20
807,39.67583088797629,20
808,39.67762683412902,20
809,39.679412830467086,20
810,39.68118893211398,20
811,39.68295519388779,20
812,39.68471167030291,20
813,39.686458415571714,20
814,39.688195483606236,20
815,39.68992292801981,20
816,39.69164080212878,20
817,39.69334915895408,20
818,39.6950480512229,20
819,39.696737531370324,20
820,39.69841765154094,20
821,39.70008846359045,20
822,39.70175001908724,20
823,39.703402369314034,20
824,39.70504556526942,20
825,39.706679657669454,20
826,39.70830469694923,20
827,39.70992073326438,20
828,39.711527816492726,20
829,39.71312599623572,20
830,39.714715321820016,20
831,39.716295842299004,20
832,39.71786760645431,20
833,39.71943066279729,20
834,39.720985059570566,20
835,39.72253084474945,20
836,39.724068066043486,20
837,39.72559677089791,20
838,39.727117006495085,20
839,39.72862881975598,20
840,39.73013225734162,20
841,39.73162736565453,20
842,39.733114190840126,20
843,39.73459277878821,20
844,39.73606317513432,20
845,39.73752542526118,20
846,39.73897957430009,20
847,39.740425667132286,20
848,39.7418637483904,20
849,39.743293862459765,20
850,39.74471605347981,20
851,39.74613036534545,20
852,39.747536841708374,20
853,39.748935525978474,20
854,39.75032646132512,20
855,39.75170969067854,20
856,39.75308525673109,20
857,39.75445320193863,20
858,39.7558135685218,20
859,39.757166398467334,20
860,39.758511733529346,20
861,39.75984961523062,20
862,39.76118008486393,20
863,39.76250318349324,20
864,39.763818951955045,20
865,39.76512743085957,20
866,39.76642866059209,20
867,39.76772268131411,20
868,39.769009532964645,20
869,39.770289255261446,20
870,39.771561887702205,20
871,39.772827469565804,20
872,39.77408603991353,20
873,39.77533763759022,20
874,39.776582301225545,20
875,39.777820069235155,20
876,39.779050979821854,20
877,39.78027507097681,20
878,39.781492380480714,20
879,39.78270294590494,20
880,39.78390680461271,20
881,39.78510399376026,20
882,39.78629455029797,20
883,39.7874785109715,20
884,39.78865591232295,20
885,39.78982679069195,20
886,39.790991182216814,20
887,39.792149122835646,20
888,39.79330064828745,20
889,39.79444579411323,20
890,39.795584595657076,20
891,39.79671708806727,20
892,39.79784330629739,20
893,39.798963285107334,20
894,39.80007705906443,20
895,39.80118466254452,20
896,39.802286129732984,20
897,39.8033814946258,20
898,39.804470791030624,20
899,39.8055540525678,20
900,39.8066313126714,20
901,39.8077026045903,20
902,39.80876796138913,20
903,39.80982741594937,20
904,39.81088100097031,20
905,39.8119287489701,20
906,39.81297069228671,20
907,39.81400686307898,20
908,39.81503729332757,20
909,39.816062014835964,20
910,39.81708105923144,20
911,39.81809445796608,20
912,39.819102242317705,20
913,39.82010444339083,20
914,39.821101092117694,20
915,39.82209221925912,20
916,39.823077855405536,20
917,39.82405803097789,20
918,39.82503277622859,20
919,39.826002121242446,20
920,39.82696609593759,20
921,39.8279247300664,20
922,39.82887805321643,20
923,39.82982609481131,20
924,39.83076888411165,20
925,39.831706450215975,20
926,39.832638822061575,20
927,39.83356602842544,20
928,39.8344880979251,20
929,39.8354050590196,20
930,39.836316940010256,20
931,39.83722376904162,20
932,39.83812557410232,20
933,39.83902238302591,20
934,39.83991422349176,20
935,39.84080112302587,20
936,39.84168310900176,20
937,39.84256020864128,20
938,39.84343244901548,20
939,39.84429985704544,20
940,39.84516245950307,20
941,39.84602028301197,20
942,39.84687335404824,20
943,39.847721698941314,20
944,39.84856534387474,20
945,39.849404314886996,20
946,39.85023863787234,20
947,39.85106833858151,20
948,39.851893442622654,20
949,39.852713975461995,20
950,39.85352996242469,20
951,39.85434142869559,20
952,39.85514839932,20
953,39.8559508992045,20
954,39.85674895311767,20
955,39.85754258569085,20
956,39.85833182141896,20
957,39.85911668466117,20
958,39.859897199641715,20
959,39.86067339045064,20
960,39.86144528104451,20
961,39.86221289524716,20
962,39.86297625675046,20
963,39.86373538911499,20
964,39.86449031577085,20
965,39.86524106001829,20
966,39.86598764502849,20
967,39.866730093844254,20
968,39.86746842938073,20
969,39.86820267442611,20
970,39.868932851642334,20
971,39.8696589835658,20
972,39.87038109260804,20
973,39.87109920105644,20
974,39.871813331074875,20
975,39.87252350470446,20
976,39.8732297438642,20
977,39.87393207035166,20
978,39.87463050584361,20
979,39.87532507189679,20
980,39.87601578994846,20
981,39.87670268131714,20
982,39.87738576720323,20
983,39.878065068689686,20
984,39.87874060674266,20
985,39.87941240221214,20
986,39.88008047583261,20
987,39.88074484822367,20
988,39.881405539890714,20
989,39.8820625712255,20
990,39.88271596250682,20
991,39.88336573390113,20
992,39.884011905463154,20
993,39.88465449713651,20
994,39.88529352875433,20
995,39.88592902003985,20
996,39.88656099060706,20
997,39.88718945996127,20
998,39.887814447499736,20
999,39.88843597251224,20
1000,39.88905405418171,20
1001,39.88966871158479,20
1002,39.89027996369242,20
1003,39.89088782937047,20
1004,39.89149232738028,20
1005,39.89209347637922,20
1006,39.89269129492135,20
1007,39.89328580145788,20
1008,39.89387701433784,20
1009,39.89446495180858,20
1010,39.895049632016374,20
1011,39.89563107300694,20
1012,39.89620929272605,20
1013,39.89678430902003,20
1014,39.89735613963634,20
1015,39.89792480222412,20
1016,39.89849031433472,20
1017,39.899052693422284,20
1018,39.899611956844225,20
1019,39.900168121861796,20
1020,39.900721205640636,20
1021,39.90127122525128,20
1022,39.90181819766968,20
1023,39.902362139777736,20
1024,39.90290306836385,20
1025,39.90344100012337,20
1026,39.903975951659184,20
1027,39.90450793948217,20
1028,39.90503698001177,20
1029,39.90556308957642,20
1030,39.906086284414116,20
1031,39.906606580672886,20
1032,39.9071239944113,20
1033,39.907638541598956,20
1034,39.90815023811699,20
1035,39.90865909975854,20
1036,39.90916514222924,20
1037,39.909668381147746,20
1038,39.91016883204615,20
1039,39.91066651037052,20
1040,39.91116143148132,20
1041,39.911653610653936,20
1042,39.91214306307913,20
1043,39.912629803863496,20
1044,39.91311384802994,20
1045,39.91359521051812,20
1046,39.91407390618495,20
1047,39.914549949805036,20
1048,39.9150233560711,20
1049,39.9154941395945,20
1050,39.91596231490563,20
1051,39.916427896454366,20
1052,39.91689089861056,20
1053,39.917351335664435,20
1054,39.91780922182704,20
1055,39.91826457123072,20
1056,39.918717397929484,20
1057,39.91916771589951,20
1058,39.91961553903954,20
1059,39.92006088117131,20
1060,39.92050375603998,20
1061,39.92094417731455,20
1062,39.92138215858833,20
1063,39.92181771337927,20
1064,39.92225085513048,20
1065,39.92268159721054,20
1066,39.92310995291402,20
1067,39.923535935461786,20
1068,39.923959558001485,20
1069,39.924380833607934,20
1070,39.92479977528349,20
1071,39.925216395958486,20
1072,39.92563070849162,20
1073,39.92604272567034,20
1074,39.926452460211266,20
1075,39.926859924760564,20
1076,39.92726513189433,20
1077,39.92766809411897,20
1078,39.928068823871655,20
1079,39.92846733352059,20
1080,39.9288636353655,20
1081,39.929257741637954,20
1082,39.92964966450176,20
1083,39.930039416053326,20
1084,39.930427008322056,20
1085,39.930812453270704,20
1086,39.93119576279575,20
1087,39.93157694872777,20
1088,39.93195602283179,20
1089,39.93233299680765,20
1090,39.93270788229039,20
1091,39.93308069085057,20
1092,39.93345143399467,20
1093,39.9338201231654,20
1094,39.93418676974208,20
1095,39.93455138504099,20
1096,39.934913980315734,20
1097,39.93527456675754,20
1098,39.93563315549565,20
1099,39.93598975759765,20
1100,39.936344384069805,20
1101,39.9366970458574,20
1102,39.93704775384509,20
1103,39.93739651885723,20
1104,39.93774335165817,20
1105,39.9380882629527,20
1106,39.93843126338622,20
1107,39.938772363545205,20
1108,39.93911157395746,20
1109,39.93944890509248,20
1110,39.93978436736174,20
1111,39.94011797111904,20
1112,39.940449726660816,20
1113,39.94077964422647,20
1114,39.94110773399865,20
1115,39.941434006103634,20
1116,39.94175847061157,20
1117,39.9420811375368,20
1118,39.94240201683823,20
1119,39.94272111841956,20
1120,39.94303845212963,20
1121,39.94335402776271,20
1122,39.94366785505881,20
1123,39.943979943703994,20
1124,39.94429030333065,20
1125,39.9445989435178,20
1126,39.9449058737914,20
1127,39.94521110362463,20
1128,39.9455146424382,20
1129,39.945816499600596,20
1130,39.94611668442843,20
1131,39.9464152061867,20
1132,39.946712074089056,20
1133,39.9470072972981,20
1134,39.94730088492571,20
1135,39.947592846033224,20
1136,39.94788318963183,20
1137,39.94817192468277,20
1138,39.94845906009764,20
1139,39.94874460473867,20
1140,39.94902856741899,20
1141,39.94931095690289,20
1142,39.949591781906136,20
1143,39.94987105109618,20
1144,39.950148773092465,20
1145,39.95042495646668,20
1146,39.95069960974301,20
1147,39.95097274139845,20
1148,39.95124435986301,20
1149,39.951514473519985,20
1150,39.95178309070624,20
1151,39.95205021971247,20
1152,39.952315868783394,20
1153,39.952580046118086,20
1154,39.952842759870194,20
1155,39.95310401814818,20
1156,39.9533638290156,20
1157,39.953622200491324,20
1158,39.9538791405498,20
1159,39.9541346571213,20
1160,39.95438875809216,20
1161,39.95464145130501,20
1162,39.95489274455906,20
1163,39.95514264561028,20
1164,39.9553911621717,20
1165,39.955638301913595,20
1166,39.95588407246375,20
1167,39.95612848140771,20
1168,39.95637153628897,20
1169,39.956613244609244,20
1170,39.95685361382868,20
1171,39.95709265136611,20
1172,39.957330364599244,20
1173,39.95756676086494,20
1174,39.95780184745939,20
1175,39.95803563163838,20
1176,39.95826812061748,20
1177,39.958499321572305,20
1178,39.95872924163869,20
1179,39.95895788791297,20
1180,39.95918526745213,20
1181,39.95941138727409,20
1182,39.95963625435786,20
1183,39.95985987564381,20
1184,39.96008225803384,20
1185,39.96030340839164,20
1186,39.96052333354284,20
1187,39.960742040275264,20
1188,39.96095953533916,20
1189,39.96117582544734,20
1190,39.961390917275445,20
1191,39.96160481746213,20
1192,39.961817532609274,20
1193,39.96202906928217,20
1194,39.96223943400973,20
1195,39.962448633284744,20
1196,39.96265667356397,20
1197,39.96286356126843,20
1198,39.96306930278356,20
1199,39.96327390445942,20
1200,39.9634773726109,20
1201,39.9636797135179,20
1202,39.963880933425514,20
1203,39.96408103854426,20
1204,39.96428003505023,20
1205,39.96447792908531,20
1206,39.964674726757366,20
1207,39.964870434140394,20
1208,39.96506505727478,20
1209,39.96525860216742,20
1210,39.96545107479193,20
1211,39.96564248108885,20
1212,39.965832826965794,20
1213,39.966022118297644,20
1214,39.96621036092675,20
1215,39.966397560663076,20
1216,39.9665837232844,20
1217,39.966768854536525,20
1218,39.966952960133355,20
1219,39.967136045757215,20
1220,39.96731811705887,20
1221,39.96749917965786,20
1222,39.96767923914251,20
1223,39.967858301070265,20
1224,39.96803637096771,20
1225,39.968213454330865,20
1226,39.968389556625276,20
1227,39.9685646832862,20
1228,39.96873883971881,20
1229,39.968912031298316,20
1230,39.96908426337014,20
1231,39.96925554125011,20
1232,39.96942587022459,20
1233,39.969595255550665,20
1234,39.96976370245629,20
1235,39.96993121614045,20
1236,39.970097801773335,20
1237,39.970263464496504,20
1238,39.970428209423,20
1239,39.97059204163756,20
1240,39.97075496619675,20
1241,39.97091698812913,20
1242,39.971078112435364,20
1243,39.97123834408846,20
1244,39.971397688033846,20
1245,39.971556149189546,20
1246,39.97171373244636,20
1247,39.97187044266798,20
1248,39.972026284691154,20
1249,39.97218126332584,20
1250,39.97233538335533,20
1251,39.97248864953642,20
1252,39.97264106659958,20
1253,39.97279263924904,20
1254,39.97294337216299,20
1255,39.97309326999368,20
1256,39.97324233736761,20
1257,39.97339057888563,20
1258,39.973537999123096,20
1259,39.97368460263005,20
1260,39.973830393931294,20
1261,39.973975377526564,20
1262,39.97411955789069,20
1263,39.97426293947367,20
1264,39.97440552670089,20
1265,39.974547323973205,20
1266,39.974688335667075,20
1267,39.97482856613473,20
1268,39.97496801970428,20
1269,39.97510670067985,20
1270,39.975244613341744,20
1271,39.97538176194653,20
1272,39.9755181507272,20
1273,39.97565378389329,20
1274,39.97578866563103,20
1275,39.97592280010343,20
1276,39.97605619145048,20
1277,39.97618884378919,20
1278,39.97632076121377,20
1279,39.97645194779578,20
1280,39.976582407584175,20
1281,39.97671214460552,20
1282,39.97684116286405,20
1283,39.97696946634181,20
1284,39.9770970589988,20
1285,39.97722394477309,20
1286,39.97735012758089,20
1287,39.97747561131676,20
1288,39.977600399853664,20
1289,39.9777244970431,20
1290,39.977847906715255,20
1291,39.97797063267906,20
1292,39.978092678722376,20
1293,39.97821404861206,20
1294,39.978334746094106,20
1295,39.978454774893756,20
1296,39.978574138715615,20
1297,39.978692841243756,20
1298,39.978810886141844,20
1299,39.978928277053264,20
1300,39.97904501760119,20
1301,39.979161111388734,20
1302,39.97927656199904,20
1303,39.97939137299544,20
1304,39.97950554792145,20
1305,39.97961909030102,20
1306,39.979732003638546,20
1307,39.97984429141903,20
1308,39.97995595710814,20
1309,39.98006700415236,20
1310,39.980177435979066,20
1311,39.98028725599667,20
1312,39.9803964675947,20
1313,39.98050507414386,20
1314,39.98061307899624,20
1315,39.98072048548532,20
1316,39.98082729692612,20
1317,39.98093351661531,20
1318,39.98103914783127,20
1319,39.98114419383424,20
1320,39.98124865786639,20
1321,39.98135254315192,20
1322,39.981455852897184,20
1323,39.98155859029075,20
1324,39.981660758503544,20
1325,39.98176236068891,20
1326,39.98186339998273,20
1327,39.981963879503496,20
1328,39.98206380235245,20
1329,39.98216317161363,20
1330,39.982261990354004,20
1331,39.982360261623526,20
1332,39.98245798845529,20
1333,39.98255517386555,20
1334,39.98265182085386,20
1335,39.98274793240317,20
1336,39.982843511479885,20
1337,39.98293856103399,20
1338,39.98303308399912,20
1339,39.98312708329264,20
1340,39.983220561815806,20
1341,39.98331352245374,20
1342,39.98340596807561,20
1343,39.98349790153468,20
1344,39.98358932566842,20
1345,39.98368024329856,20
1346,39.983770657231204,20
1347,39.98386057025692,20
1348,39.983949985150815,20
1349,39.9840389046726,20
1350,39.984127331566725,20
1351,39.984215268562416,20
1352,39.98430271837378,20
1353,39.9843896836999,20
1354,39.9844761672249,20
1355,39.984562171618016,20
1356,39.984647699533724,20
1357,39.98473275361178,20
1358,39.98481733647732,20
1359,39.98490145074093,20
1360,39.98498509899873,20
1361,39.98506828383246,20
1362,39.985151007809584,20
1363,39.98523327348329,20
1364,39.98531508339266,20
1365,39.9853964400627,20
1366,39.98547734600443,20
1367,39.98555780371494,20
1368,39.98563781567749,20
1369,39.98571738436162,20
1370,39.985796512223146,20
1371,39.98587520170429,20
1372,39.985953455233755,20
1373,39.986031275226765,20
1374,39.98610866408519,20
1375,39.98618562419757,20
1376,39.98626215793923,20
1377,39.98633826767233,20
1378,39.986413955745945,20
1379,39.986489224496125,20
1380,39.98656407624598,20
1381,39.98663851330578,20
1382,39.98671253797295,20
1383,39.986786152532204,20
1384,39.98685935925562,20
1385,39.98693216040265,20
1386,39.98700455822027,20
1387,39.98707655494297,20
1388,39.987148152792884,20
1389,39.98721935397984,20
1390,39.98729016070138,20
1391,39.98736057514293,20
1392,39.98743059947777,20
1393,39.987500235867145,20
1394,39.987569486460345,20
1395,39.987638353394736,20
1396,39.98770683879584,20
1397,39.98777494477741,20
1398,39.98784267344149,20
1399,39.98791002687848,20
1400,39.98797700716719,20
1401,39.98804361637492,20
1402,39.988109856557514,20
1403,39.988175729759426,20
1404,39.98824123801379,20
1405,39.98830638334247,20
1406,39.98837116775613,20
1407,39.98843559325428,20
1408,39.98849966182539,20
1409,39.98856337544687,20
1410,39.98862673608521,20
1411,39.98868974569597,20
1412,39.988752406223924,20
1413,39.98881471960302,20
1414,39.98887668775652,20
1415,39.98893831259704,20
1416,39.988999596026574,20
1417,39.9890605399366,20
1418,39.98912114620809,20
1419,39.98918141671163,20
1420,39.98924135330742,20
1421,39.98930095784536,20
1422,39.9893602321651,20
1423,39.9894191780961,20
1424,39.98947779745768,20
1425,39.98953609205908,20
1426,39.98959406369954,20
1427,39.989651714168296,20
1428,39.989709045244695,20
1429,39.98976605869821,20
1430,39.98982275628853,20
1431,39.98987913976559,20
1432,39.989935210869604,20
1433,39.98999097133119,20
1434,39.99004642287134,20
1435,39.99010156720152,20
1436,39.99015640602374,20
1437,39.99021094103055,20
1438,39.99026517390513,20
1439,39.99031910632134,20
1440,39.990372739943766,20
1441,39.990426076427774,20
1442,39.990479117419554,20
1443,39.990531864556175,20
1444,39.99058431946565,20
1445,39.99063648376695,20
1446,39.990688359070084,20
1447,39.99073994697616,20
1448,39.9907912490774,20
1449,39.99084226695719,20
1450,39.99089300219018,20
1451,39.990943456342265,20
1452,39.99099363097068,20
1453,39.99104352762402,20
1454,39.99109314784233,20
1455,39.99114249315708,20
1456,39.991191565091285,20
1457,39.99124036515952,20
1458,39.99128889486796,20
1459,39.99133715571443,20
1460,39.99138514918849,20
1461,39.9914328767714,20
1462,39.991480339936246,20
1463,39.99152754014794,20
1464,39.9915744788633,20
1465,39.99162115753103,20
1466,39.991667577591855,20
1467,39.99171374047848,20
1468,39.9917596476157,20
1469,39.9918053004204,20
1470,39.991850700301626,20
1471,39.99189584866061,20
1472,39.99194074689082,20
1473,39.99198539637801,20
1474,39.99202979850026,20
1475,39.992073954628,20
1476,39.99211786612408,20
1477,39.9921615343438,20
1478,39.99220496063494,20
1479,39.992248146337836,20
1480,39.992291092785365,20
1481,39.992333801303054,20
1482,39.99237627320906,20
1483,39.99241850981425,20
1484,39.99246051242223,20
1485,39.992502282329376,20
1486,39.992543820824885,20
1487,39.992585129190815,20
1488,39.99262620870212,20
1489,39.9926670606267,20
1490,39.992707686225394,20
1491,39.9927480867521,20
1492,39.99278826345375,20
1493,39.99282821757036,20
1494,39.992867950335096,20
1495,39.99290746297428,20
1496,39.99294675670744,20
1497,39.99298583274734,20
1498,39.99302469230003,20
1499,39.9930633365649,20
1500,39.993101766734675,20
