timestamp,input,pwm
0,20.0,0
1,20.0,0
2,20.0,0
3,20.0,0
4,20.0,0
5,20.0,20
6,20.0,20
7,20.0,20
8,20.0,20
9,20.0,20
10,20.0,20
11,20.0,20
12,20.0,20
13,20.0,20
14,20.0,20
15,20.0,20
16,20.16597414722248,20
17,20.33057092356765,20
18,20.493801759433346,20
19,20.655677990359884,20
20,20.816210857817236,20
21,20.97541150998572,20
22,21.133291002530157,20
23,21.289860299367646,20
24,21.445130273428944,20
25,21.599111707413535,20
26,21.751815294538442,20
27,21.90325163928081,20
28,22.05343125811432,20
29,22.202364580239525,20
30,22.350061948308092,20
31,22.49653361914105,20
32,22.64178976444107,20
33,22.785840471498844,20
34,22.928695743893577,20
35,23.070365502187716,20
36,23.210859584615854,20
37,23.350187747767947,20
38,23.488359667266877,20
39,23.625384938440362,20
40,23.7612730769873,20
41,23.89603351963859,20
42,24.02967562481246,20
43,24.162208673264367,20
44,24.293641868731495,20
45,24.423984338571902,20
46,24.55324513439838,20
47,24.681433232707025,20
48,24.808557535500633,20
49,24.934626870906865,20
50,25.059649993791346,20
51,25.183635586365643,20
52,25.306592258790168,20
53,25.42852854977214,20
54,25.549452927158555,20
55,25.669373788524215,20
56,25.788299461754907,20
57,25.906238205625733,20
58,26.023198210374634,20
59,26.13918759827117,20
60,26.254214424180553,20
61,26.36828667612304,20
62,26.48141227582863,20
63,26.593599079287213,20
64,26.704854877294114,20
65,26.815187395991124,20
66,26.924604297403054,20
67,27.033113179969806,20
68,27.140721579074054,20
69,27.247436967564532,20
70,27.353266756275005,20
71,27.45821829453888,20
72,27.5622988706996,20
73,27.665515712616784,20
74,27.76787598816816,20
75,27.869386805747332,20
76,27.970055214757423,20
77,28.069888206100632,20
78,28.1688927126637,20
79,28.267075609799363,20
80,28.364443715803834,20
81,28.461003792390265,20
82,28.556762545158342,20
83,28.651726624059926,20
84,28.745902623860886,20
85,28.83929708459906,20
86,28.931916492038415,20
87,29.02376727811947,20
88,29.114855821405953,20
89,29.205188447527746,20
90,29.294771429620194,20
91,29.38361098875972,20
92,29.471713294395858,20
93,29.55908446477968,20
94,29.645730567388686,20
95,29.73165761934816,20
96,29.816871587849015,20
97,29.901378390562208,20
98,29.985183896049655,20
99,30.06829392417181,20
100,30.150714246491805,20
101,30.232450586676258,20
102,30.31350862089275,20
103,30.393893978204012,20
104,30.47361224095883,20
105,30.552668945179704,20
106,30.63106958094732,20
107,30.708819592781772,20
108,30.785924380020685,20
109,30.86238929719416,20
110,30.938219654396622,20
111,31.01342071765557,20
112,31.087997709297284,20
113,31.161955808309493,20
114,31.235300150701015,20
115,31.308035829858436,20
116,31.380167896899813,20
117,31.451701361025464,20
118,31.522641189865812,20
119,31.592992309826364,20
120,31.66275960642983,20
121,31.73194792465541,20
122,31.800562069275234,20
123,31.868606805188016,20
124,31.93608685775,20
125,32.00300691310305,20
126,32.06937161850014,20
127,32.13518558262804,20
128,32.20045337592735,20
129,32.265179530909975,20
130,32.32936854247379,20
131,32.39302486821483,20
132,32.45615292873686,20
133,32.51875710795835,20
134,32.58084175341689,20
135,32.64241117657115,20
136,32.703469653100264,20
137,32.764021423200745,20
138,32.82407069188096,20
139,32.88362162925316,20
140,32.94267837082302,20
141,33.001245017776895,20
142,33.05932563726657,20
143,33.116924262691754,20
144,33.174044893980124,20
145,33.23069149786515,20
146,33.28686800816154,20
147,33.34257832603841,20
148,33.39782632029022,20
149,33.45261582760545,20
150,33.506950652833005,20
151,33.56083456924648,20
152,33.614271318806175,20
153,33.66726461241893,20
154,33.719818130195904,20
155,33.771935521708045,20
156,33.8236204062396,20
157,33.87487637303944,20
158,33.92570698157029,20
159,33.976115761755956,20
160,34.02610621422643,20
161,34.07568181056101,20
162,34.12484599352935,20
163,34.17360217733058,20
164,34.221953747830405,20
165,34.2699040627962,20
166,34.317456452130216,20
167,34.36461421810083,20
168,34.41138063557185,20
169,34.45775895222995,20
170,34.503752388810206,20
171,34.54936413931975,20
172,34.59459737125958,20
173,34.63945522584455,20
174,34.68394081822147,20
175,34.72805723768546,20
176,34.77180754789451,20
177,34.81519478708217,20
178,34.85822196826861,20
179,34.9008920794698,20
180,34.94320808390507,20
181,34.98517292020284,20
182,35.026789502604714,20
183,35.06806072116787,20
184,35.10898944196573,20
185,35.149578507287025,20
186,35.189830735833155,20
187,35.22974892291395,20
188,35.26933584064177,20
189,35.308594238124044,20
190,35.347526841654144,20
191,35.38613635490074,20
192,35.42442545909555,20
193,35.46239681321953,20
194,35.50005305418752,20
195,35.537396797031406,20
196,35.574430635081654,20
197,35.61115714014747,20
198,35.64757886269534,20
199,35.683698332026204,20
200,35.71951805645105,20
201,35.75504052346514,20
202,35.79026819992073,20
203,35.82520353219841,20
204,35.85984894637694,20
205,35.894206848401815,20
206,35.928279624252234,20
207,35.96206964010689,20
208,35.99557924250824,20
209,36.02881075852548,20
210,36.06176649591612,20
211,36.094448743286286,20
212,36.126859770249624,20
213,36.159001827584916,20
214,36.1908771473924,20
215,36.222487943248765,20
216,36.25383641036086,20
217,36.28492472571817,20
218,36.315755048243986,20
219,36.34632951894531,20
220,36.376650261061556,20
221,36.40671938021201,20
222,36.43653896454203,20
223,36.46611108486806,20
224,36.49543779482147,20
225,36.5245211309911,20
226,36.553363113064776,20
227,36.581965743969505,20
228,36.6103310100106,20
229,36.6384608810096,20
230,36.66635731044107,20
231,36.69402223556827,20
232,36.721457577577674,20
233,36.74866524171239,20
234,36.77564711740446,20
235,36.802405078406125,20
236,36.828940982919846,20
237,36.855256673727446,20
238,36.88135397831803,20
239,36.9072347090149,20
240,36.932900663101435,20
241,36.95835362294585,20
242,36.98359535612504,20
243,37.0086276155473,20
244,37.033452139574024,20
245,37.058070652140465,20
246,37.082484862875454,20
247,37.106696467220104,20
248,37.13070714654555,20
249,37.15451856826973,20
250,37.17813238597317,20
251,37.20155023951381,20
252,37.224773755140895,20
253,37.24780454560789,20
254,37.27064421028451,20
255,37.293294335267746,20
256,37.31575649349206,20
257,37.338032244838566,20
258,37.360123136243395,20
259,37.382030701805114,20
260,37.40375646289124,20
261,37.42530192824391,20
262,37.44666859408467,20
263,37.46785794421832,20
264,37.48887145013606,20
265,37.50971057111754,20
266,37.53037675433234,20
267,37.55087143494036,20
268,37.571196036191566,20
269,37.59135196952475,20
270,37.61134063466561,20
271,37.631163419723926,20
272,37.65082170128996,20
273,37.67031684453006,20
274,37.689650203281445,20
275,37.70882312014625,20
276,37.72783692658472,20
277,37.74669294300775,20
278,37.765392478868485,20
279,37.78393683275333,20
280,37.80232729247207,20
281,37.820565135147376,20
282,37.83865162730341,20
283,37.856588024953865,20
284,37.87437557368911,20
285,37.89201550876271,20
286,37.90950905517728,20
287,37.92685742776944,20
288,37.94406183129427,20
289,37.96112346050893,20
290,37.97804350025562,20
291,37.994823125543924,20
292,38.011463501632335,20
293,38.0279657841092,20
294,38.044331118973,20
295,38.0605606427119,20
296,38.07665548238268,20
297,38.09261675568901,20
298,38.10844557105905,20
299,38.124143027722475,20
300,38.139710215786735,20
301,38.1551482163128,20
302,38.170458101390274,20
303,38.18564093421175,20
304,38.20069776914673,20
305,38.215629651814794,20
306,38.23043761915825,20
307,38.24512269951411,20
308,38.259685912685526,20
309,38.27412827001259,20
310,38.288450774442595,20
311,38.30265442059965,20
312,38.31674019485379,20
313,38.33070907538944,20
314,38.344562032273366,20
315,38.35830002752202,20
316,38.37192401516838,20
317,38.38543494132817,20
318,38.39883374426559,20
319,38.412121354458435,20
320,38.42529869466276,20
321,38.43836667997694,20
322,38.45132621790519,20
323,38.464178208420634,20
324,38.4769235440278,20
325,38.48956310982452,20
326,38.50209778356354,20
327,38.51452843571332,20
328,38.526855929518604,20
329,38.539081121060306,20
330,38.55120485931497,20
331,38.56322798621373,20
332,38.5751513367008,20
333,38.58697573879141,20
334,38.59870201362935,20
335,38.610330975543974,20
336,38.62186343210675,20
337,38.63330018418736,20
338,38.64464202600929,20
339,38.655889745205,20
340,38.667044122870635,20
341,38.67810593362022,20
342,38.689075945639516,20
343,38.69995492073931,20
344,38.71074361440836,20
345,38.72144277586585,20
346,38.73205314811339,20
347,38.742575467986654,20
348,38.75301046620653,20
349,38.763358867429865,20
350,38.773621390299795,20
351,38.78379874749564,20
352,38.79389164578241,20
353,38.80390078605987,20
354,38.81382686341122,20
355,38.8236705671514,20
356,38.833432580874884,20
357,38.84311358250323,20
358,38.85271424433209,20
359,38.86223523307797,20
360,38.87167720992446,20
361,38.881040830568175,20
362,38.89032674526434,20
363,38.89953559887185,20
364,38.908668030898156,20
365,38.91772467554357,20
366,38.9267061617454,20
367,38.93561311322157,20
368,38.94444614851396,20
369,38.95320588103135,20
370,38.96189291909202,20
371,38.970507865965985,20
372,38.97905131991691,20
373,38.98752387424365,20
374,38.995926117321424,20
375,39.00425863264272,20
376,39.012521998857785,20
377,39.02071678981481,20
378,39.028843574599804,20
379,39.03690291757607,20
380,39.04489537842346,20
381,39.05282151217718,20
382,39.060681869266375,20
383,39.06847699555233,20
384,39.0762074323664,20
385,39.08387371654757,20
386,39.091476380479776,20
387,39.099015952128845,20
388,39.10649295507917,20
389,39.11390790857007,20
390,39.121261327531855,20
391,39.12855372262157,20
392,39.13578560025847,20
393,39.1429574626592,20
394,39.150069807872626,20
395,39.15712312981447,20
396,39.1641179183016,20
397,39.171054659086025,20
398,39.17793383388864,20
399,39.18475592043268,20
400,39.19152139247689,20
401,39.19823071984845,20
402,39.204884368475575,20
403,39.21148280041985,20
404,39.21802647390838,20
405,39.22451584336556,20
406,39.23095135944466,20
407,39.237333469059095,20
408,39.2436626154135,20
409,39.24993923803446,20
410,39.256163772801074,20
411,39.262336651975204,20
412,39.26845830423149,20
413,39.27452915468713,20
414,39.28054962493141,20
415,39.28652013305495,20
416,39.29244109367878,20
417,39.2983129179831,20
418,39.30413601373584,20
419,39.309910785320994,20
420,39.315637633766684,20
421,39.32131695677302,20
422,39.326949148739715,20
423,39.33253460079348,20
424,39.33807370081517,20
425,39.34356683346674,20
426,39.34901438021793,20
427,39.35441671937281,20
428,39.359774226095965,20
429,39.36508727243864,20
430,39.370356227364525,20
431,39.37558145677538,20
432,39.38076332353646,20
433,39.38590218750171,20
434,39.39099840553874,20
435,39.39605233155363,20
436,39.4010643165155,20
437,39.406034708480874,20
438,39.410963852617854,20
439,39.41585209123011,20
440,39.4206997637806,20
441,39.42550720691521,20
442,39.43027475448609,20
443,39.43500273757486,20
444,39.43969148451556,20
445,39.444341320917516,20
446,39.44895256968789,20
447,39.45352555105415,20
448,39.458060582586285,20
449,39.46255797921886,20
450,39.467018053272895,20
451,39.47144111447754,20
452,39.475827469991614,20
453,39.480177424424895,20
454,39.4844912798593,20
455,39.48876933586985,20
456,39.4930118895455,20
457,39.49721923550973,20
458,39.50139166594104,20
459,39.50552947059322,20
460,39.509632936815464,20
461,39.51370234957236,20
462,39.51773799146366,20
463,39.521740142743894,20
464,39.52570908134184,20
465,39.52964508287982,20
466,39.53354842069287,20
467,39.53741936584767,20
468,39.54125818716142,20
469,39.545065151220484,20
470,39.548840522398876,20
471,39.55258456287669,20
472,39.55629753265822,20
473,39.5599796895901,20
474,39.563631289379146,20
475,39.567252585610134,20
476,39.57084382976345,20
477,39.57440527123246,20
478,39.57793715734093,20
479,39.58143973336017,20
480,39.58491324252601,20
481,39.588357926055764,20
482,39.591774023164945,20
483,39.59516177108391,20
484,39.59852140507428,20
485,39.60185315844532,20
486,39.605157262570145,20
487,39.60843394690174,20
488,39.611683438988955,20
489,39.614905964492266,20
490,39.618101747199454,20
491,39.621271009041166,20
492,39.62441397010631,20
493,39.62753084865733,20
494,39.630621861145364,20
495,39.63368722222532,20
496,39.63672714477071,20
497,39.6397418398885,20
498,39.64273151693372,20
499,39.64569638352404,20
500,39.64863664555416,20
501,39.65155250721013,20
502,39.65444417098351,20
503,39.65731183768545,20
504,39.660155706460614,20
505,39.66297597480105,20
506,39.665772838559846,20
507,39.668546491964776,20
508,39.671297127631775,20
509,39.67402493657832,20
510,39.67673010823668,20
511,39.679412830467086,20
512,39.68207328957077,20
513,39.68471167030291,20
514,39.687328155885446,20
515,39.68992292801981,20
516,39.69249616689957,20
517,39.6950480512229,20
518,39.697578758205,20
519,39.70008846359045,20
520,39.70257734166533,20
521,39.70504556526942,20
522,39.707493305808114,20
523,39.70992073326438,20
524,39.71232801621055,20
525,39.714715321820016,20
526,39.71708281587884,20
527,39.71943066279729,20
528,39.72175902562125,20
529,39.724068066043486,20
530,39.726357944414985,20
531,39.72862881975598,20
532,39.73088084976707,20
533,39.733114190840126,20
534,39.73532899806918,20
535,39.73752542526118,20
536,39.73970362494667,20
537,39.7418637483904,20
538,39.744005945601806,20
539,39.74613036534545,20
540,39.748237155151315,20
541,39.75032646132512,20
542,39.7523984289584,20
543,39.75445320193863,20
544,39.7564909229592,20
545,39.758511733529346,20
546,39.760515773983926,20
547,39.76250318349324,20
548,39.76447410007263,20
549,39.76642866059209,20
550,39.76836700078579,20
551,39.770289255261446,20
552,39.77219555750973,20
553,39.77408603991353,20
554,39.775960833757075,20
555,39.777820069235155,20
556,39.779663875462084,20
557,39.781492380480714,20
558,39.78330571127128,20
559,39.78510399376026,20
560,39.786887352829126,20
561,39.78865591232295,20
562,39.790409795059084,20
563,39.792149122835646,20
564,39.793874016439986,20
565,39.795584595657076,20
566,39.79728097927782,20
567,39.798963285107334,20
568,39.80063162997307,20
569,39.802286129732984,20
570,39.80392689928357,20
571,39.8055540525678,20
572,39.807167702583094,20
573,39.80876796138913,20
574,39.81035494011563,20
575,39.8119287489701,20
576,39.813489497245435,20
577,39.81503729332757,20
578,39.81657224470297,20
579,39.81809445796608,20
580,39.81960403882679,20
581,39.821101092117694,20
582,39.82258572180143,20
583,39.82405803097789,20
584,39.82551812189134,20
585,39.82696609593759,20
586,39.828402053670956,20
587,39.82982609481131,20
588,39.83123831825097,20
589,39.832638822061575,20
590,39.8340277035009,20
591,39.8354050590196,20
592,39.836770984267915,20
593,39.83812557410232,20
594,39.8394689225921,20
595,39.84080112302587,20
596,39.8421222679181,20
597,39.84343244901548,20
598,39.84473175730335,20
599,39.84602028301197,20
600,39.8472981156228,20
601,39.84856534387474,20
602,39.849822055770254,20
603,39.85106833858151,20
604,39.85230427885644,20
605,39.85352996242469,20
606,39.8547454744037,20
607,39.8559508992045,20
608,39.85714632053764,20
609,39.85833182141896,20
610,39.85950748417538,20
611,39.86067339045064,20
612,39.86182962121091,20
613,39.86297625675046,20
614,39.86411337669721,20
615,39.86524106001829,20
616,39.86635938502549,20
617,39.86746842938073,20
618,39.868568270101406,20
619,39.8696589835658,20
620,39.87074064551834,20
621,39.871813331074875,20
622,39.872877114727885,20
623,39.87393207035166,20
624,39.874978271207425,20
625,39.87601578994846,20
626,39.87704469862508,20
627,39.878065068689686,20
628,39.87907697100173,20
629,39.88008047583261,20
630,39.881075652870564,20
631,39.8820625712255,20
632,39.88304129943382,20
633,39.884011905463154,20
634,39.88497445671709,20
635,39.88592902003985,20
636,39.886875661720936,20
637,39.887814447499736,20
638,39.888745442570084,20
639,39.88966871158479,20
640,39.89058431866012,20
641,39.89149232738028,20
642,39.89239280080179,20
643,39.89328580145788,20
644,39.89417139136286,20
645,39.895049632016374,20
646,39.89592058440771,20
647,39.89678430902003,20
648,39.897640865834546,20
649,39.89849031433472,20
650,39.899332713510375,20
651,39.900168121861796,20
652,39.900996597403775,20
653,39.90181819766968,20
654,39.902632979715406,20
655,39.90344100012337,20
656,39.90424231500643,20
657,39.90503698001177,20
658,39.90582505032478,20
659,39.906606580672886,20
660,39.907381625329336,20
661,39.90815023811699,20
662,39.90891247241204,20
663,39.909668381147746,20
664,39.910418016818056,20
665,39.91116143148132,20
666,39.91189867676383,20
667,39.912629803863496,20
668,39.913354863553316,20
669,39.91407390618495,20
670,39.91478698169221,20
671,39.9154941395945,20
672,39.91619542900031,20
673,39.91689089861056,20
674,39.91758059672203,20
675,39.91826457123072,20
676,39.91894286963511,20
677,39.91961553903954,20
678,39.92028262615743,20
679,39.92094417731455,20
680,39.921600238452214,20
681,39.92225085513048,20
682,39.92289607253133,20
683,39.923535935461786,20
684,39.92417048835703,20
685,39.92479977528349,20
686,39.9254238399419,20
687,39.92604272567034,20
688,39.92665647544723,20
689,39.92726513189433,20
690,39.92786873727968,20
691,39.92846733352059,20
692,39.92906096218646,20
693,39.92964966450176,20
694,39.930233481348814,20
695,39.930812453270704,20
696,39.93138662047404,20
697,39.93195602283179,20
698,39.932520699886,20
699,39.93308069085057,20
700,39.93363603461401,20
701,39.93418676974208,20
702,39.93473293448048,20
703,39.93527456675754,20
704,39.93581170418685,20
705,39.936344384069805,20
706,39.9368726433983,20
707,39.93739651885723,20
708,39.93791604682701,20
709,39.93843126338622,20
710,39.938942204313975,20
711,39.93944890509248,20
712,39.93995140090952,20
713,39.940449726660816,20
714,39.940943916952534,20
715,39.941434006103634,20
716,39.941920028148296,20
717,39.94240201683823,20
718,39.94288000564509,20
719,39.94335402776271,20
720,39.94382411610949,20
721,39.94429030333065,20
722,39.94475262180049,20
723,39.94521110362463,20
724,39.94566578064229,20
725,39.94611668442843,20
726,39.94656384629601,20
727,39.9470072972981,20
728,39.947447068230105,20
729,39.94788318963183,20
730,39.948315691789674,20
731,39.94874460473867,20
732,39.94916995826462,20
733,39.949591781906136,20
734,39.9500101049567,20
735,39.95042495646668,20
736,39.950836365245365,20
737,39.95124435986301,20
738,39.95164896865271,20
739,39.95205021971247,20
740,39.95244814090711,20
741,39.952842759870194,20
742,39.953234104005986,20
743,39.953622200491324,20
744,39.954007076277506,20
745,39.95438875809216,20
746,39.95476727244113,20
747,39.95514264561028,20
748,39.95551490366736,20
749,39.95588407246375,20
750,39.95625017763634,20
751,39.956613244609244,20
752,39.95697329859557,20
753,39.957330364599244,20
754,39.95768446741664,20
755,39.95803563163838,20
756,39.95838388165101,20
757,39.95872924163869,20
758,39.95907173558491,20
759,39.95941138727409,20
760,39.95974822029329,20
761,39.96008225803384,20
762,39.960413523692935,20
763,39.960742040275264,20
764,39.961067830594615,20
765,39.961390917275445,20
766,39.961711322754454,20
767,39.96202906928217,20
768,39.962344178924425,20
769,39.96265667356397,20
770,39.962966574901955,20
771,39.96327390445942,20
772,39.96357868357883,20
773,39.963880933425514,20
774,39.96418067498917,20
775,39.96447792908531,20
776,39.96477271635669,20
777,39.96506505727478,20
778,39.96535497214113,20
779,39.96564248108885,20
780,39.965927604083944,20
781,39.96621036092675,20
782,39.966490771253255,20
783,39.966768854536525,20
784,39.967044630088,20
785,39.96731811705887,20
786,39.96758933444141,20
787,39.967858301070265,20
788,39.96812503562377,20
789,39.968389556625276,20
790,39.9686518824444,20
791,39.968912031298316,20
792,39.96917002125302,20
793,39.96942587022459,20
794,39.96967959598042,20
795,39.96993121614045,20
796,39.97018074817841,20
797,39.970428209423,20
798,39.97067361705914,20
799,39.97091698812913,20
800,39.97115833953383,20
801,39.971397688033846,20
802,39.971635050250704,20
803,39.97187044266798,20
804,39.97210388163248,20
805,39.97233538335533,20
806,39.972564963913115,20
807,39.97279263924904,20
808,39.97301842517398,20
809,39.97324233736761,20
810,39.973464391379466,20
811,39.97368460263005,20
812,39.973902986411915,20
813,39.97411955789069,20
814,39.974334332106125,20
815,39.974547323973205,20
816,39.974758548283106,20
817,39.97496801970428,20
818,39.97517575278342,20
819,39.97538176194653,20
820,39.97558606149988,20
821,39.97578866563103,20
822,39.975989588409774,20
823,39.97618884378919,20
824,39.97638644560651,20
825,39.976582407584175,20
826,39.97677674333074,20
827,39.97696946634181,20
828,39.977160590001006,20
829,39.97735012758089,20
830,39.97753809224386,20
831,39.9777244970431,20
832,39.97790935492347,20
833,39.978092678722376,20
834,39.97827448117072,20
835,39.978454774893756,20
836,39.97863357241194,20
837,39.978810886141844,20
838,39.978986728397004,20
839,39.979161111388734,20
840,39.97933404722704,20
841,39.97950554792145,20
842,39.97967562538177,20
843,39.97984429141903,20
844,39.980011557746195,20
845,39.980177435979066,20
846,39.98034193763702,20
847,39.98050507414386,20
848,39.98066685682857,20
849,39.98082729692612,20
850,39.98098640557825,20
851,39.98114419383424,20
852,39.98130067265167,20
853,39.981455852897184,20
854,39.98160974534725,20
855,39.98176236068891,20
856,39.98191370952051,20
857,39.98206380235245,20
858,39.982212649607895,20
859,39.982360261623526,20
860,39.982506648650244,20
861,39.98265182085386,20
862,39.98279578831584,20
863,39.98293856103399,20
864,39.98308014892312,20
865,39.983220561815806,20
866,39.98335980946298,20
867,39.98349790153468,20
868,39.98363484762069,20
869,39.983770657231204,20
870,39.98390533979751,20
871,39.9840389046726,20
872,39.98417136113189,20
873,39.98430271837378,20
874,39.98443298552036,20
875,39.984562171618016,20
876,39.98469028563805,20
877,39.98481733647732,20
878,39.984943332958856,20
879,39.98506828383246,20
880,39.98519219777534,20
881,39.98531508339266,20
882,39.98543694921821,20
883,39.98555780371494,20
884,39.98567765527555,20
885,39.985796512223146,20
886,39.985914382811714,20
887,39.986031275226765,20
888,39.986147197585865,20
889,39.98626215793923,20
890,39.98637616427027,20
891,39.986489224496125,20
892,39.98660134646825,20
893,39.98671253797295,20
894,39.98682280673188,20
895,39.98693216040265,20
896,39.98704060657931,20
897,39.987148152792884,20
898,39.98725480651191,20
899,39.98736057514293,20
900,39.98746546603103,20
901,39.987569486460345,20
902,39.98767264365456,20
903,39.98777494477741,20
904,39.987876396933174,20
905,39.98797700716719,20
906,39.98807678246631,20
907,39.988175729759426,20
908,39.98827385591791,20
909,39.98837116775613,20
910,39.988467672031874,20
911,39.98856337544687,20
912,39.98865828464723,20
913,39.988752406223924,20
914,39.98884574671318,20
915,39.98893831259704,20
916,39.989030110303716,20
917,39.98912114620809,20
918,39.98921142663214,20
919,39.98930095784536,20
920,39.98938974606524,20
921,39.98947779745768,20
922,39.98956511813737,20
923,39.989651714168296,20
924,39.98973759156411,20
925,39.98982275628853,20
926,39.98990721425584,20
927,39.98999097133119,20
928,39.990074033331084,20
929,39.99015640602374,20
930,39.99023809512953,20
931,39.99031910632134,20
932,39.990399445224966,20
933,39.990479117419554,20
934,39.99055812843791,20
935,39.99063648376695,20
936,39.99071418884803,20
937,39.9907912490774,20
938,39.99086766980646,20
939,39.990943456342265,20
940,39.99101861394778,20
941,39.99109314784233,20
942,39.99116706320189,20
943,39.99124036515952,20
944,39.99131305880565,20
945,39.99138514918849,20
946,39.99145664131433,20
947,39.99152754014794,20
948,39.991597850612884,20
949,39.991667577591855,20
950,39.991736725927026,20
951,39.9918053004204,20
952,39.991873305834126,20
953,39.99194074689082,20
954,39.992007628273925,20
955,39.992073954628,20
956,39.992139730559074,20
957,39.99220496063494,20
958,39.992269649385506,20
959,39.992333801303054,20
960,39.99239742084261,20
961,39.99246051242223,20
962,39.99252308042329,20
963,39.992585129190815,20
964,39.99264666303378,20
965,39.992707686225394,20
966,39.99276820300339,20
967,39.99282821757036,20
968,39.99288773409401,20
969,39.99294675670744,20
970,39.99300528950947,20
971,39.9930633365649,20
972,39.99312090190482,20
973,39.993177989526814,20
974,39.99323460339535,20
975,39.99329074744195,20
976,39.99334642556554,20
977,39.99340164163267,20
978,39.993456399477836,20
979,39.993510702903656,20
980,39.99356455568123,20
981,39.99361796155038,20
982,39.99367092421984,20
983,39.9937234473676,20
984,39.99377553464114,20
985,39.99382718965763,20
986,39.99387841600426,20
987,39.99392921723842,20
988,39.99397959688801,20
989,39.994029558451636,20
990,39.99407910539887,20
991,39.99412824117047,20
992,39.994176969178696,20
993,39.994225292807435,20
994,39.99427321541252,20
995,39.99432074032194,20
996,39.99436787083603,20
997,39.99441461022778,20
998,39.994460961743,20
999,39.99450692860056,20
1000,39.994552513992616,20
