time_s,temperature_c,measured_temperature_c,output
0.0,30.0,30.0,0.0
1.0,29.917012926388757,29.917012926388757,10.0
2.0,29.834714538216172,29.834714538216172,20.0
3.0,29.753099120283323,29.753099120283323,30.0
4.0,29.672161004820055,29.672161004820055,40.0
5.0,29.591894571091377,29.591894571091377,50.0
6.0,29.512294245007133,29.512294245007133,60.0
7.0,29.433354498734914,29.433354498734914,70.0
8.0,29.35506985031617,29.35506985031617,80.0
9.0,29.27743486328552,29.27743486328552,90.0
10.0,29.200444146293222,29.200444146293222,100.0
11.0,29.20707942634201,29.20707942634201,100.0
12.0,29.29664671575465,29.29664671575465,100.0
13.0,29.468457786054568,29.468457786054568,100.0
14.0,29.721830120171905,29.721830120171905,100.0
15.0,30.056086865046233,30.056086865046233,100.0
16.0,30.470556784622616,30.470556784622616,100.0
17.0,30.964574213237682,30.964574213237682,100.0
18.0,31.537479009392612,31.537479009392612,100.0
19.0,32.18861650990972,32.18861650990972,100.0
20.0,32.917337484469414,32.917337484469414,100.0
21.0,33.640011016913334,33.640011016913334,100.0
22.0,34.35668729319387,34.35668729319387,100.0
23.0,35.06741608278489,35.06741608278489,100.0
24.0,35.772246742137966,35.772246742137966,100.0
25.0,36.47122821810993,36.47122821810993,100.0
26.0,37.16440905136194,37.16440905136194,100.0
27.0,37.85183737973047,37.85183737973047,100.0
28.0,38.533560941570116,38.533560941570116,100.0
29.0,39.209627079068866,39.209627079068866,100.0
30.0,39.88008274153576,39.88008274153576,100.0
31.0,40.544974488661225,40.544974488661225,100.0
32.0,41.20434849375047,41.20434849375047,100.0
33.0,41.85825054692995,41.85825054692995,100.0
34.0,42.50672605832726,42.50672605832726,100.0
35.0,43.14982006122462,43.14982006122462,100.0
36.0,43.78757721518623,43.78757721518623,100.0
37.0,44.42004180915967,44.42004180915967,100.0
38.0,45.047257764551446,45.047257764551446,100.0
39.0,45.6692686382772,45.6692686382772,100.0
40.0,46.28611762578646,46.28611762578646,100.0
41.0,46.897847564062374,46.897847564062374,100.0
42.0,47.50450093459651,47.50450093459651,100.0
43.0,48.10611986633893,48.10611986633893,100.0
44.0,48.70274613862391,48.70274613862391,100.0
45.0,49.29442118407124,49.29442118407124,100.0
46.0,49.88118609146352,49.88118609146352,100.0
47.0,50.46308160859958,50.46308160859958,100.0
48.0,51.04014814512418,51.04014814512418,100.0
49.0,51.61242577533426,51.61242577533426,100.0
50.0,52.179954240961905,52.179954240961905,100.0
51.0,52.74277295393421,52.74277295393421,99.19175324303195
52.0,53.30092099911019,53.30092099911019,99.77683033303606
53.0,53.854437136995074,53.854437136995074,100.0
54.0,54.40335980643198,54.40335980643198,99.04463369292364
55.0,54.94772712727135,54.94772712727135,99.595513107729
56.0,55.48757690301811,55.48757690301811,100.0
57.0,56.02294662345698,56.02294662345698,98.86164239669655
58.0,56.553873467255926,56.553873467255926,99.37916847991045
59.0,57.080394304548015,57.080394304548015,99.88576079971915
60.0,57.602545699491884,57.602545699491884,100.0
61.0,58.11365650949926,58.11365650949926,99.14972211272212
62.0,58.62538114401892,58.62538114401892,100.0
63.0,59.13471114530523,59.13471114530523,98.65630019532516
64.0,59.63188606055552,59.63188606055552,98.96066807620582
65.0,60.129506653731596,60.129506653731596,99.8064171952081
66.0,60.6263543575784,60.6263543575784,100.0
67.0,61.109631971105806,61.109631971105806,98.72874217828216
68.0,61.59319380266071,61.59319380266071,99.60560179395382
69.0,62.076946757498014,62.076946757498014,99.9328606242023
70.0,62.55763322582035,62.55763322582035,100.0
71.0,63.02727441044746,63.02727441044746,98.79653619415716
72.0,63.50007438768078,63.50007438768078,99.52622471447829
73.0,63.9577997648025,63.9577997648025,99.61708065942754
74.0,64.41425247294129,64.41425247294129,100.0
75.0,64.87393583807057,64.87393583807057,99.47442024028629
76.0,65.33141091252097,65.33141091252097,99.44111314842783
77.0,65.77453973856052,65.77453973856052,99.55495975795958
78.0,66.22126796949674,66.22126796949674,100.0
79.0,66.66700475883803,66.66700475883803,99.11966584357846
80.0,67.10959967903665,67.10959967903665,99.19431711640942
81.0,67.53853443956862,67.53853443956862,99.37805691583398
82.0,67.96996506754084,67.96996506754084,100.0
83.0,68.39856936588406,68.39856936588406,99.01432246034042
84.0,68.82679453813194,68.82679453813194,99.1895547068807
85.0,69.24710436236987,69.24710436236987,99.23795094168676
86.0,69.66364975256705,69.66364975256705,99.6634493996761
87.0,70.07768313416493,70.07768313416493,99.98273099205687
88.0,70.4919738326238,70.4919738326238,100.0
89.0,70.89552081826957,70.89552081826957,99.00309913766145
90.0,71.29633839464238,71.29633839464238,99.56063675428354
91.0,71.69535450606969,71.69535450606969,99.85510993256125
92.0,72.09622062320665,72.09622062320665,100.0
93.0,72.48558022029243,72.48558022029243,98.7564444463116
94.0,72.87316283715803,72.87316283715803,99.30095747719675
95.0,73.25793064549805,73.25793064549805,99.52328295096036
96.0,73.64303646558012,73.64303646558012,99.69072193467497
97.0,74.02759602965924,74.02759602965924,99.65544305152673
98.0,74.40910755689647,74.40910755689647,99.59209000355136
99.0,74.77918004308967,74.77918004308967,99.65299327286057
100.0,75.15080824754071,75.15080824754071,100.0
101.0,75.5217961650081,75.5217961650081,99.24255408350432
102.0,75.89090776258311,75.89090776258311,99.19068841325884
103.0,76.2466363073989,76.2466363073989,99.17640190794742
104.0,76.6039315194189,76.6039315194189,99.82521594133874
105.0,76.9601066570785,76.9601066570785,99.85982797832148
106.0,77.31471552862806,77.31471552862806,99.83029117901378
107.0,77.66608883579768,77.66608883579768,99.79761867512545
108.0,78.01402045031102,78.01402045031102,99.85289225520918
109.0,78.35957010058316,78.35957010058316,99.94647374584056
110.0,78.70513184270982,78.70513184270982,99.99009790819977
111.0,79.0415400470605,79.0415400470605,99.87610616249721
112.0,79.37472608014993,79.37472608014993,100.0
113.0,79.70502854032713,79.70502854032713,99.55722592417696
114.0,80.03797423484158,80.03797423484158,99.64948261800029
115.0,80.3684441456362,80.3684441456362,99.39679061358534
116.0,80.69592646609564,80.69592646609564,99.3069429173147
117.0,81.02041996706313,81.02041996706313,99.29681908898398
118.0,81.34267929069142,81.34267929069142,99.3107018430195
119.0,81.66304088390369,81.66304088390369,99.28696994112649
120.0,81.98110591416145,81.98110591416145,99.22746585287932
121.0,82.29558543167211,82.29558543167211,99.17412401018798
122.0,82.60848333439716,82.60848333439716,99.19258868777251
123.0,82.91511013651125,82.91511013651125,99.119572123074
124.0,83.21995794382966,83.21995794382966,99.27853263985405
125.0,83.5201788914083,83.5201788914083,99.2631096672407
126.0,83.81716277346091,83.81716277346091,99.34756168894236
127.0,84.1115980584967,84.1115980584967,99.38743477683698
128.0,84.40370512017829,84.40370512017829,99.37184733766148
129.0,84.69319112672792,84.69319112672792,99.3225457730683
130.0,84.97978096660891,84.97978096660891,99.27567559016086
131.0,85.26354981293346,85.26354981293346,99.2429414224875
132.0,85.54511697759995,85.54511697759995,99.20889556671415
133.0,85.82374155566143,85.82374155566143,99.1372613811492
134.0,86.10137307669669,86.10137307669669,99.0923577437899
135.0,86.3765726242483,86.3765726242483,98.94369443451525
136.0,86.65018921390302,86.65018921390302,98.83717337791003
137.0,86.92186603463907,86.92186603463907,98.69387635510643
138.0,87.1911589333468,87.1911589333468,98.55461357860837
139.0,87.45780790983672,87.45780790983672,98.43875192957603
140.0,87.7218550825707,87.7218550825707,98.34320866887556
141.0,87.9834393538104,87.9834393538104,98.25031783095892
142.0,88.24257027713888,88.24257027713888,98.14865160847728
143.0,88.49895627762339,88.49895627762339,98.04156385617254
144.0,88.7528419635725,88.7528419635725,97.94740125129557
145.0,89.00338701321172,89.00338701321172,97.84235203707934
146.0,89.25096887572664,89.25096887572664,97.77995418438019
147.0,89.49530694875867,89.49530694875867,97.71036939796056
148.0,89.73646163059696,89.73646163059696,97.65384322832215
149.0,89.97465353838223,89.97465353838223,97.59832517308206
150.0,90.21007587566811,90.21007587566811,97.5306177759377
151.0,90.44277363799019,90.44277363799019,97.44751508875291
152.0,90.67269661145028,90.67269661145028,97.35608512812789
153.0,90.89982283151969,90.89982283151969,97.2640975405605
154.0,91.12428276965247,91.12428276965247,97.17270669246139
155.0,91.34600820775708,91.34600820775708,97.07371856107761
156.0,91.56537578981684,91.56537578981684,96.97554423348409
157.0,91.78234544072929,91.78234544072929,96.85581507046193
158.0,91.99704542986248,91.99704542986248,96.73014792492073
159.0,92.20950295852174,92.20950295852174,96.59428815384665
160.0,92.4196354804489,92.4196354804489,96.4523834753679
161.0,92.62733452918766,92.62733452918766,96.31208311195901
162.0,92.83255119381448,92.83255119381448,96.17764623986437
163.0,93.03530144732586,93.03530144732586,96.0473804310255
164.0,93.23561070991211,93.23561070991211,95.91718515544477
165.0,93.43343619101185,93.43343619101185,95.7851876864365
166.0,93.62880525632029,93.62880525632029,95.6546692136034
167.0,93.82155941364181,93.82155941364181,95.52287378471368
168.0,94.01167108575332,94.01167108575332,95.39949772509915
169.0,94.19907761624975,94.19907761624975,95.28069601625369
170.0,94.38375128939217,94.38375128939217,95.16731537378428
171.0,94.56572809810527,94.56572809810527,95.05784423166617
172.0,94.74507908227629,94.74507908227629,94.94827285004466
173.0,94.92186064728804,94.92186064728804,94.83526331363745
174.0,95.09609470133307,95.09609470133307,94.71846314886079
175.0,95.26778742958354,95.26778742958354,94.599676770798
176.0,95.43697219551495,95.43697219551495,94.48042606844693
177.0,95.60365921488805,95.60365921488805,94.35972265905187
178.0,95.76793908565236,95.76793908565236,94.23855673849653
179.0,95.92986974522816,95.92986974522816,94.11271742422974
180.0,96.08951567687508,96.08951567687508,93.98254411264824
181.0,96.24692828468095,96.24692828468095,93.84772087490771
182.0,96.40212527048845,96.40212527048845,93.70881809650555
183.0,96.55509648885575,96.55509648885575,93.5679036916961
184.0,96.70582895345993,96.70582895345993,93.4272789397027
185.0,96.8543247600605,96.8543247600605,93.28795308853982
186.0,97.00059861673634,97.00059861673634,93.14948814279049
187.0,97.14465690720897,97.14465690720897,93.01107379718351
188.0,97.2865141795692,97.2865141795692,92.87294419634405
189.0,97.42614991629543,97.42614991629543,92.73475757771902
190.0,97.56354658668637,97.56354658668637,92.59842992650391
191.0,97.69868418372187,97.69868418372187,92.46453056919891
192.0,97.83154759987647,97.83154759987647,92.33348605440744
193.0,97.96213901401292,97.96213901401292,92.20526004961025
194.0,98.09047968455505,98.09047968455505,92.07894552391447
195.0,98.21659906896318,98.21659906896318,91.95320757047568
196.0,98.340522745443,98.340522745443,91.82715002509838
197.0,98.46226935544782,98.46226935544782,91.7006946628739
198.0,98.58185932882873,98.58185932882873,91.57421760179282
199.0,98.69931008970804,98.69931008970804,91.44776219271131
200.0,98.8146548178108,98.8146548178108,91.32153023019816
201.0,98.92793114218728,98.92793114218728,91.19471144398362
202.0,99.03917991941726,99.03917991941726,91.06677033381898
203.0,99.14844136551085,99.14844136551085,90.9373226266747
204.0,99.25574783555324,99.25574783555324,90.80624750380056
205.0,99.36112033812302,99.36112033812302,90.67392420191172
206.0,99.4645722704503,99.4645722704503,90.54111270827933
207.0,99.56611626941992,99.56611626941992,90.4085093805945
208.0,99.66576798834001,99.66576798834001,90.27641360925558
209.0,99.76354331037254,99.76354331037254,90.14477816892585
210.0,99.85945966150388,99.85945966150388,90.01359273011428
211.0,99.95352759891134,99.95352759891134,89.88278344965246
212.0,100.04575314820147,100.04575314820147,89.75273168004698
213.0,100.13613909600667,100.13613909600667,89.62385087062711
214.0,100.22468720319442,100.22468720319442,89.49650049610831
215.0,100.3114023631938,100.3114023631938,89.37090228421144
216.0,100.39629573573673,100.39629573573673,89.24699681297108
217.0,100.47938416681245,100.47938416681245,89.12444560751544
218.0,100.56068684716361,100.56068684716361,89.00283719264849
219.0,100.6402224163652,100.6402224163652,88.88191438118982
220.0,100.71800927358646,100.71800927358646,88.76163136533941
221.0,100.79406505250442,100.79406505250442,88.64199569193426
222.0,100.86841040519226,100.86841040519226,88.52306265459939
223.0,100.94106924343265,100.94106924343265,88.40468864024497
224.0,101.01206826374683,101.01206826374683,88.28664325563265
225.0,101.08143578116287,101.08143578116287,88.1686869958225
226.0,101.14919938260525,101.14919938260525,88.05063747259699
227.0,101.21538361715868,101.21538361715868,87.9324611805271
228.0,101.28000941547,101.28000941547,87.8143067880677
229.0,101.34309540016758,101.34309540016758,87.6964223605506
230.0,101.40465965919051,101.40465965919051,87.57902114479452
231.0,101.46472019300037,101.46472019300037,87.46220780468524
232.0,101.52329531154378,101.52329531154378,87.3460258997233
233.0,101.58040198101546,101.58040198101546,87.2304756685134
234.0,101.6360551148466,101.6360551148466,87.1156361256368
235.0,101.69026751512477,101.69026751512477,87.00165529030166
236.0,101.74305036411032,101.74305036411032,86.88871131586109
237.0,101.79441447321354,101.79441447321354,86.77696831955834
238.0,101.84437179787999,101.84437179787999,86.66651747789238
239.0,101.89293625296209,101.89293625296209,86.55733968064771
240.0,101.94012340750992,101.94012340750992,86.44932987654192
241.0,101.9859495699455,101.9859495699455,86.3423674146591
242.0,102.03043127483961,102.03043127483961,86.23637485563529
243.0,102.07358492152757,102.07358492152757,86.13131650594491
244.0,102.11542742897028,102.11542742897028,86.02719030613632
245.0,102.15597680409124,102.15597680409124,85.92396787944213
246.0,102.1952523828223,102.1952523828223,85.8215781353851
247.0,102.23327470259308,102.23327470259308,85.71991929156522
248.0,102.2700648870461,102.2700648870461,85.61888338406382
249.0,102.30564372593493,102.30564372593493,85.51839249870326
250.0,102.34003096469516,102.34003096469516,85.41842948095056
251.0,102.37324518365418,102.37324518365418,85.3190380942455
252.0,102.40530416630003,102.40530416630003,85.22029090433654
253.0,102.43622525233067,102.43622525233067,85.12225094517538
254.0,102.46602562045622,102.46602562045622,85.02495907931598
255.0,102.4947220713352,102.4947220713352,84.92843308471589
256.0,102.52233067624333,102.52233067624333,84.83269530072761
257.0,102.54886652842315,102.54886652842315,84.7377899578025
258.0,102.57434369990183,102.57434369990183,84.64378383111648
259.0,102.59877549933995,102.59877549933995,84.55075526748985
260.0,102.62217498259297,102.62217498259297,84.45877346578963
261.0,102.64455546034958,102.64455546034958,84.3678766446197
262.0,102.6659307350389,102.6659307350389,84.27806389687862
263.0,102.68631501764804,102.68631501764804,84.18930688051455
264.0,102.70572274033765,102.70572274033765,84.10157148377493
265.0,102.72416836303418,102.72416836303418,84.01483115166293
266.0,102.74166641105315,102.74166641105315,83.92907204814846
267.0,102.75823165622427,102.75823165622427,83.8442819877857
268.0,102.77387930193782,102.77387930193782,83.7604384793457
269.0,102.78862507559296,102.78862507559296,83.67750414054483
270.0,102.80248514833285,102.80248514833285,83.5954300643838
271.0,102.81547587426613,102.81547587426613,83.51416659393426
272.0,102.82761346425568,102.82761346425568,83.43367736619369
273.0,102.83891375943278,102.83891375943278,83.35394825415398
274.0,102.84939218638436,102.84939218638436,83.27498532631897
275.0,102.85906382330447,102.85906382330447,83.1968042719287
276.0,102.86794350843644,102.86794350843644,83.11942064673707
277.0,102.87604585576196,102.87604585576196,83.0428440827859
278.0,102.88338517133742,102.88338517133742,82.96708143612187
279.0,102.8899753322728,102.8899753322728,82.89214347920397
280.0,102.89582969465111,102.89582969465111,82.81804944226248
281.0,102.90096109162884,102.90096109162884,82.74482713401457
282.0,102.90538194809797,102.90538194809797,82.67250803780067
283.0,102.90910446860399,102.90910446860399,82.60111904361926
284.0,102.9121408067712,102.9121408067712,82.53067528903267
285.0,102.91450314556495,102.91450314556495,82.46117845054502
286.0,102.91620369594035,102.91620369594035,82.39262091755617
287.0,102.91725464745089,102.91725464745089,82.32499167613099
288.0,102.91766814538882,102.91766814538882,82.25828101350753
289.0,102.91745632365365,102.91745632365365,82.19248067364936
290.0,102.91663137503531,102.91663137503531,82.12758077699502
291.0,102.91520562191567,102.91520562191567,82.06356659202977
292.0,102.91319154568785,102.91319154568785,82.00041729031716
293.0,102.91060174731773,102.91060174731773,81.93810773944904
294.0,102.90744884882167,102.90744884882167,81.87661296554842
295.0,102.90374538138244,102.90374538138244,81.81591308944128
296.0,102.89950370903203,102.89950370903203,81.75599593491322
297.0,102.89473600179554,102.89473600179554,81.69685609929405
298.0,102.88945424809921,102.88945424809921,81.63849198149288
299.0,102.88367026836642,102.88367026836642,81.58090261082718
300.0,102.8773957029387,102.8773957029387,81.52408650172116
301.0,102.8706419733053,102.8706419733053,81.46804271371967
302.0,102.86342023332276,102.86342023332276,81.41277275732973
303.0,102.8557413357185,102.8557413357185,81.3582818854037
304.0,102.84761583590549,102.84761583590549,81.30457875812779
305.0,102.83905403672891,102.83905403672891,81.25167327869548
306.0,102.83006605448685,102.83006605448685,81.19957353637066
307.0,102.82066187669,102.82066187669,81.14828348904726
308.0,102.81085139467862,102.81085139467862,81.09780253243541
309.0,102.80064440965226,102.80064440965226,81.04812667674342
310.0,102.79005062914482,102.79005062914482,80.99925039203524
311.0,102.77907967232561,102.77907967232561,80.95116775865154
312.0,102.76774109107258,102.76774109107258,80.90387235674842
313.0,102.75604440158729,102.75604440158729,80.85735632104374
314.0,102.74399911296749,102.74399911296749,80.8116093830055
315.0,102.73161473758142,102.73161473758142,80.76661866164406
316.0,102.7189007759874,102.7189007759874,80.72236957409463
317.0,102.70586668274676,102.70586668274676,80.67884757037673
318.0,102.69252182894542,102.69252182894542,80.63603983296916
319.0,102.67887547479124,102.67887547479124,80.59393610212457
320.0,102.66493675775304,102.66493675775304,80.55252845470707
321.0,102.65071469034493,102.65071469034493,80.51181040251058
322.0,102.63621815701238,102.63621815701238,80.47177606878753
323.0,102.6214559031998,102.6214559031998,80.43241997286925
324.0,102.60643651656017,102.60643651656017,80.39373741427433
325.0,102.59116840658444,102.59116840658444,80.35572507513685
326.0,102.5756597919568,102.5756597919568,80.31838135372465
327.0,102.5599187024109,102.5599187024109,80.28170608107757
328.0,102.54395299467515,102.54395299467515,80.24569962998221
329.0,102.52777037513462,102.52777037513462,80.21036181528564
330.0,102.51137842046957,102.51137842046957,80.17569111615295
331.0,102.49478459063987,102.49478459063987,80.14168449005638
332.0,102.47799623492796,102.47799623492796,80.10833770888226
333.0,102.46102059614427,102.46102059614427,80.07564584368008
334.0,102.44386481798536,102.44386481798536,80.04360352172131
335.0,102.42653595733033,102.42653595733033,80.01220482654685
336.0,102.409040999203,102.409040999203,79.98144297049897
337.0,102.39138686925838,102.39138686925838,79.95131001068272
338.0,102.37358043877113,102.37358043877113,79.92179686694625
339.0,102.35562852045669,102.35562852045669,79.89289373183362
340.0,102.3375378578728,102.3375378578728,79.86459072160567
341.0,102.31931511336536,102.31931511336536,79.83687846964978
342.0,102.30096685890351,102.30096685890351,79.8097484308063
343.0,102.2824995710136,102.2824995710136,79.7831928447053
344.0,102.26391962788855,102.26391962788855,79.75720451076305
345.0,102.24523330569151,102.24523330569151,79.73177660193343
346.0,102.2264467721728,102.2264467721728,79.70690265711379
347.0,102.20756607798266,102.20756607798266,79.68257674218493
348.0,102.1885971482052,102.1885971482052,79.65879365108536
349.0,102.1695457773648,102.1695457773648,79.63554898105434
350.0,102.15041762987651,102.15041762987651,79.61283898019506
351.0,102.13121824541729,102.13121824541729,79.59066019968384
352.0,102.11195304677815,102.11195304677815,79.56900909960515
353.0,102.09262734734692,102.09262734734692,79.547881768364
354.0,102.07324635666163,102.07324635666163,79.52727383733986
355.0,102.05381518437221,102.05381518437221,79.50718055017414
356.0,102.03433884410634,102.03433884410634,79.48759686813787
357.0,102.01482225863951,102.01482225863951,79.46851750530256
358.0,101.99527026669098,101.99527026669098,79.44993686051698
359.0,101.97568763028767,101.97568763028767,79.43184889383375
360.0,101.95607904080192,101.95607904080192,79.41424704128947
361.0,101.93644912205299,101.93644912205299,79.39712424919007
362.0,101.91680243011169,101.91680243011169,79.3804731426572
363.0,101.89714345077812,101.89714345077812,79.36428626540166
364.0,101.87747659637218,101.87747659637218,79.34855629463455
365.0,101.85780620312555,101.85780620312555,79.33327615893597
366.0,101.83813652946988,101.83813652946988,79.3184390517296
367.0,101.81847175463096,101.81847175463096,79.30403839198647
368.0,101.7988159766701,101.7988159766701,79.29006779923127
369.0,101.77917320951623,101.77917320951623,79.27652112173718
370.0,101.75954737931545,101.75954737931545,79.26339250967038
371.0,101.73994232109538,101.73994232109538,79.25067648672228
372.0,101.72036177685594,101.72036177685594,79.238367965807
373.0,101.70080939566567,101.70080939566567,79.2264621821386
374.0,101.68128873554092,101.68128873554092,79.21495456285487
375.0,101.66180326628744,101.66180326628744,79.20384058411479
376.0,101.64235637243029,101.64235637243029,79.19311566713503
377.0,101.62295135579333,101.62295135579333,79.18277513505747
378.0,101.60359143784984,101.60359143784984,79.17281421486071
379.0,101.58427976228766,101.58427976228766,79.16322804800299
380.0,101.56501939816003,101.56501939816003,79.15401167907201
381.0,101.54581334360472,101.54581334360472,79.14516001542698
382.0,101.5266645296626,101.5266645296626,79.1366677768777
383.0,101.50757582350913,101.50757582350913,79.12852946754286
384.0,101.48855003057707,101.48855003057707,79.12073939396673
385.0,101.46958989547569,101.46958989547569,79.11329172953931
386.0,101.45069810203955,101.45069810203955,79.10618060195786
387.0,101.431877273019,101.431877273019,79.09940017179444
388.0,101.41312996978901,101.41312996978901,79.09294468065288
389.0,101.39445869214887,101.39445869214887,79.08680846843205
390.0,101.37586587802924,101.37586587802924,79.08098597613022
391.0,101.35735390286676,101.35735390286676,79.07547175411263
392.0,101.33892507856628,101.33892507856628,79.07026048608714
393.0,101.32058165223808,101.32058165223808,79.06534702356805
394.0,101.30232580509605,101.30232580509605,79.0607264140149
395.0,101.28415965189947,101.28415965189947,79.05639390533264
396.0,101.26608524112535,101.26608524112535,79.0523449203561
397.0,101.24810455579126,101.24810455579126,79.04857500957098
398.0,101.23021951467105,101.23021951467105,79.04507979965017
399.0,101.21243197364372,101.21243197364372,79.04185495394815
400.0,101.19474372705432,101.19474372705432,79.03889615097
401.0,101.17715650913225,101.17715650913225,79.03619907542996
402.0,101.15967199559668,101.15967199559668,79.03375941086271
403.0,101.14229180553473,101.14229180553473,79.03157282519167
404.0,101.12501750349746,101.12501750349746,79.02963494864184
405.0,101.10785060161598,101.10785060161598,79.027941351622
406.0,101.09079256148807,101.09079256148807,79.0264875333911
407.0,101.07384479565697,101.07384479565697,79.02526892844777
408.0,101.05700866865061,101.05700866865061,79.02428092943701
409.0,101.04028549768461,101.04028549768461,79.02351891815331
410.0,101.02367655318055,101.02367655318055,79.02297829422741
411.0,101.00718305920587,101.00718305920587,79.02265449505043
412.0,100.99080619384875,100.99080619384875,79.02254300708354
413.0,100.97454708947012,100.97454708947012,79.0226393736723
414.0,100.9584068327703,100.9584068327703,79.02293920512716
415.0,100.94238646467149,100.94238646467149,79.02343819336343
416.0,100.9264869801073,100.9264869801073,79.02413212837244
417.0,100.9107093278669,100.9107093278669,79.02501691047854
418.0,100.8950544106306,100.8950544106306,79.02608855296036
419.0,100.87952308526258,100.87952308526258,79.02734317355039
420.0,100.86411616333896,100.86411616333896,79.02877697809002
421.0,100.8488344118371,100.8488344118371,79.03038624226653
422.0,100.83367855391292,100.83367855391292,79.03216729646958
423.0,100.81864926973657,100.81864926973657,79.03411651549219
424.0,100.80374719740495,100.80374719740495,79.03623031135633
425.0,100.78897293396803,100.78897293396803,79.03850512597873
426.0,100.77432703658341,100.77432703658341,79.04093742148959
427.0,100.75981002376302,100.75981002376302,79.04352366869138
428.0,100.74542237663114,100.74542237663114,79.04626033666325
429.0,100.73116454010155,100.73116454010155,79.04914388713286
430.0,100.71703692390919,100.71703692390919,79.05217077565047
431.0,100.7030399034818,100.7030399034818,79.05533745884327
432.0,100.68917382067848,100.68917382067848,79.05864040480162
433.0,100.67543898443685,100.67543898443685,79.06207610326472
434.0,100.66183567135513,100.66183567135513,79.06564107362776
435.0,100.64836412620868,100.64836412620868,79.06933187087719
436.0,100.63502456238176,100.63502456238176,79.07314509098536
437.0,100.62181716220006,100.62181716220006,79.07707737733901
438.0,100.60874207717411,100.60874207717411,79.0811254285064
439.0,100.59579942819403,100.59579942819403,79.08528600605503
440.0,100.58298930573233,100.58298930573233,79.0895559402639
441.0,100.57031177010532,100.57031177010532,79.0939321319832
442.0,100.55776685181847,100.55776685181847,79.09841155031212
443.0,100.54535455199348,100.54535455199348,79.10299122730281
444.0,100.53307484285821,100.53307484285821,79.10766825162183
445.0,100.52092766828184,100.52092766828184,79.11243976276552
446.0,100.50891294435033,100.50891294435033,79.11730294631944
447.0,100.49703055999045,100.49703055999045,79.12225502974535
448.0,100.48528037765315,100.48528037765315,79.1272932777698
449.0,100.47366223405604,100.47366223405604,79.13241498691511
450.0,100.46217594096717,100.46217594096717,79.13761747961435
451.0,100.45082128599775,100.45082128599775,79.14289809906056
452.0,100.43959803336895,100.43959803336895,79.14825420605521
453.0,100.42850592462852,100.42850592462852,79.15368317845324
454.0,100.41754467930869,100.41754467930869,79.15918241290959
455.0,100.40671399553074,100.40671399553074,79.1647493279492
456.0,100.39601355056513,100.39601355056513,79.1703813672801
457.0,100.3854430013521,100.3854430013521,79.17607600277184
458.0,100.37500198497962,100.37500198497962,79.18183073711756
459.0,100.36469011911194,100.36469011911194,79.18764310663349
460.0,100.3545070023659,100.3545070023659,79.19351068456572
461.0,100.34445221464124,100.34445221464124,79.19943108481876
462.0,100.33452531742202,100.33452531742202,79.20540196556266
463.0,100.32472585407103,100.32472585407103,79.21142103190525
464.0,100.31505335013615,100.31505335013615,79.21748603706757
465.0,100.3055073136797,100.3055073136797,79.22359478196846
466.0,100.29608723563251,100.29608723563251,79.22974511362806
467.0,100.28679259016982,100.28679259016982,79.23593492301758
468.0,100.27762283510614,100.27762283510614,79.24216214283554
469.0,100.26857741231,100.26857741231,79.24842474535916
470.0,100.25965574814276,100.25965574814276,79.2547207402277
471.0,100.25085725392479,100.25085725392479,79.26104817190665
472.0,100.24218132642754,100.24218132642754,79.26740511680548
473.0,100.23362734838383,100.23362734838383,79.27378968028069
474.0,100.22519468900367,100.22519468900367,79.28019999398784
475.0,100.21688270448226,100.21688270448226,79.28663421401518
476.0,100.20869073849059,100.20869073849059,79.29309052001437
477.0,100.20061812264414,100.20061812264414,79.29956711521623
478.0,100.1926641769492,100.1926641769492,79.3060622270181
479.0,100.1848282102276,100.1848282102276,79.31257410782355
480.0,100.17710952051966,100.17710952051966,79.31910103594767
481.0,100.16950739546269,100.16950739546269,79.32564131660153
482.0,100.16202111264231,100.16202111264231,79.3321932830776
483.0,100.15464993991618,100.15464993991618,79.33875529819562
484.0,100.14739313571297,100.14739313571297,79.34532575591946
485.0,100.14024994931333,100.14024994931333,79.35190308290294
486.0,100.13321962112136,100.13321962112136,79.3584857396732
487.0,100.12630138293399,100.12630138293399,79.36507222123915
488.0,100.11949445821291,100.11949445821291,79.37166105709724
489.0,100.11279806236129,100.11279806236129,79.37825081076748
490.0,100.10621140300569,100.10621140300569,79.38484007903212
491.0,100.09973368028378,100.09973368028378,79.3914274910364
492.0,100.09336408713952,100.09336408713952,79.39801170728936
493.0,100.08710180962794,100.08710180962794,79.40459141851939
494.0,100.08094602723072,100.08094602723072,79.41116534433355
495.0,100.07489591318206,100.07489591318206,79.41773223171472
496.0,100.06895063480158,100.06895063480158,79.42429085346897
497.0,100.06310935382962,100.06310935382962,79.43084000680382
498.0,100.05737122675968,100.05737122675968,79.43737851220055
499.0,100.05173540516441,100.05173540516441,79.44390521266217
500.0,100.04620103601233,100.04620103601233,79.45041897329811
501.0,100.04076726197478,100.04076726197478,79.45691868117206
502.0,100.0354332217217,100.0354332217217,79.46340324529679
503.0,100.03019805020577,100.03019805020577,79.4698715967464
504.0,100.02506087893278,100.02506087893278,79.47632268887223
505.0,100.02002083621748,100.02002083621748,79.48275549767052
506.0,100.01507704742441,100.01507704742441,79.48916902228048
507.0,100.01022863519478,100.01022863519478,79.49556228556887
508.0,100.00547471966226,100.00547471966226,79.5019343347055
509.0,100.00081441866074,100.00081441866074,79.50828424160042
510.0,99.99624684792678,99.99624684792678,79.51461110313527
511.0,99.99177112129928,99.99177112129928,79.52091404117722
512.0,99.98738635091732,99.98738635091732,79.52719220239024
513.0,99.9830916474174,99.9830916474174,79.53344475791373
514.0,99.97888612013072,99.97888612013072,79.53967090293744
515.0,99.97476887728203,99.97476887728203,79.54586985619041
516.0,99.97073902619077,99.97073902619077,79.55204085931848
517.0,99.96679567347553,99.96679567347553,79.55818317616297
518.0,99.96293792526158,99.96293792526158,79.56429609195138
519.0,99.95916488739023,99.95916488739023,79.57037891245015
520.0,99.95547566562841,99.95547566562841,79.5764309631699
521.0,99.95186936587672,99.95186936587672,79.58245158866467
522.0,99.94834509437399,99.94834509437399,79.58844015196604
523.0,99.94490195789767,99.94490195789767,79.5943960341588
524.0,99.94153906395891,99.94153906395891,79.60031863405791
525.0,99.93825552099183,99.93825552099183,79.6062073679746
526.0,99.93505043853602,99.93505043853602,79.61206166955732
527.0,99.9319229274116,99.9319229274116,79.61788098970993
528.0,99.92887209988602,99.92887209988602,79.6236647965916
529.0,99.92589706983253,99.92589706983253,79.6294125756935
530.0,99.92299695288071,99.92299695288071,79.63512382996126
531.0,99.92017086655989,99.92017086655989,79.64079807992488
532.0,99.91741793043677,99.91741793043677,79.64643486379168
533.0,99.91473726624832,99.91473726624832,79.6520337374651
534.0,99.9121279980309,99.9121279980309,79.65759427448741
535.0,99.90958925224633,99.90958925224633,79.66311606590492
536.0,99.90712015790574,99.90712015790574,79.66859872007109
537.0,99.9047198466915,99.9047198466915,79.67404186239276
538.0,99.90238745307836,99.90238745307836,79.6794451350231
539.0,99.900122114454,99.900122114454,79.68480819649766
540.0,99.89792297123981,99.89792297123981,79.69013072131173
541.0,99.89578916701153,99.89578916701153,79.69541239945507
542.0,99.89371984861987,99.89371984861987,79.70065293592621
543.0,99.89171416631015,99.89171416631015,79.70585205025182
544.0,99.8897712738405,99.8897712738405,79.71100947604079
545.0,99.88789032859796,99.88789032859796,79.71612496058948
546.0,99.88607049171205,99.88607049171205,79.7211982645281
547.0,99.88431092816515,99.88431092816515,79.72622916152311
548.0,99.88261080689956,99.88261080689956,79.73121743801784
549.0,99.88096930092057,99.88096930092057,79.73616289301661
550.0,99.87938558739518,99.87938558739518,79.7410653379119
551.0,99.87785884774617,99.87785884774617,79.74592459635541
552.0,99.87638826774132,99.87638826774132,79.75074050417182
553.0,99.8749730375779,99.8749730375779,79.75551290929887
554.0,99.87361235196282,99.87361235196282,79.76024167173955
555.0,99.87230541018874,99.87230541018874,79.76492666350447
556.0,99.87105141620673,99.87105141620673,79.76956776853694
557.0,99.86984957869572,99.86984957869572,79.77416488261218
558.0,99.86869911112939,99.86869911112939,79.77871791320662
559.0,99.86759923184052,99.86759923184052,79.78322677934281
560.0,99.86654916408354,99.86654916408354,79.78769141140835
561.0,99.8655481360954,99.8655481360954,79.79211175094383
562.0,99.86459538115524,99.86459538115524,79.79648775040764
563.0,99.86369013764308,99.86369013764308,79.80081937290755
564.0,99.86283164909759,99.86283164909759,79.80510659191296
565.0,99.86201916427295,99.86201916427295,79.80934939095322
566.0,99.86125193719461,99.86125193719461,79.81354776331689
567.0,99.86052922721369,99.86052922721369,79.81770171175728
568.0,99.85985029905991,99.85985029905991,79.82181124821619
569.0,99.8592144228928,99.8592144228928,79.82587639356557
570.0,99.8586208743509,99.8586208743509,79.82989717736724
571.0,99.8580689345989,99.8580689345989,79.83387363765645
572.0,99.85755789037235,99.85755789037235,79.83780582074301
573.0,99.8570870340198,99.8570870340198,79.84169378103957
574.0,99.85665566354226,99.85665566354226,79.84553758090952
575.0,99.8562630826297,99.8562630826297,79.84933729053738
576.0,99.85590860069487,99.85590860069487,79.85309298781881
577.0,99.8555915329044,99.8555915329044,79.85680475825356
578.0,99.8553112002072,99.8553112002072,79.86047269484462
579.0,99.85506692936065,99.85506692936065,79.86409689799542
580.0,99.8548580529545,99.8548580529545,79.86767747539788
581.0,99.8546839094328,99.8546839094328,79.87121454191181
582.0,99.85454384311394,99.85454384311394,79.8747082194354
583.0,99.85443720420922,99.85443720420922,79.87815863676602
584.0,99.85436334883983,99.85436334883983,79.88156592944685
585.0,99.8543216390528,99.8543216390528,79.88493023960132
586.0,99.85431144283577,99.85431144283577,79.88825171575346
587.0,99.85433213413077,99.85433213413077,79.89153051264175
588.0,99.85438309284717,99.85438309284717,79.89476679102202
589.0,99.85446370487347,99.85446370487347,79.89796071746824
590.0,99.85457336208819,99.85457336208819,79.90111246418076
591.0,99.85471146236969,99.85471146236969,79.90422220879304
592.0,99.85487740960475,99.85487740960475,79.90729013418787
593.0,99.85507061369597,99.85507061369597,79.91031642832411
594.0,99.85529049056782,99.85529049056782,79.91330128406932
595.0,99.85553646217132,99.85553646217132,79.91624489904558
596.0,99.85580795648704,99.85580795648704,79.91914747548529
597.0,99.85610440752676,99.85610440752676,79.92200922010305
598.0,99.85642525533326,99.85642525533326,79.92483034397179
599.0,99.85676994597863,99.85676994597863,79.92761106241313
600.0,99.85713793156084,99.85713793156084,79.93035159489521
